name,service,serviceKey,catalogTypes,tier,platforms,releaseDate,streamingSupported,reviewScore,gameplayMain,gameplayMainExtra,gameplayCompletionist,imageUrl,hltbId,hltbName,productId,productUrl
War Thunder,Xbox Game Pass,xbox-game-pass,Game Catalog,Ultimate/PC/Console,PC | Xbox,,,68,541,1630.4,4627.7,https://store-images.s-microsoft.com/image/apps.22630.63381296256995371.9e10cdbd-1881-4099-9f20-0b0885c216a7.c42b9272-8726-4fb6-b601-bc0ca73363a4,15234,War Thunder,BX1DTCBD1HXJ,
ARK: Survival Ascended,Xbox Game Pass,xbox-game-pass,Game Catalog,Ultimate/PC/Console,PC | Xbox,,,63,336.7,725,750.2,https://store-images.s-microsoft.com/image/apps.28808.14545480955348978.c66022f5-e4e3-4713-8508-d8bd11df0814.6790feb5-a50e-42a7-83b4-076a5c1b170e,139631,ARK: Survival Ascended,9P33VJGVPHVP,
ARK: Ultimate Survivor Edition,Xbox Game Pass,xbox-game-pass,Game Catalog,Ultimate/PC/Console,PC | Xbox,,,,336.7,725,750.2,https://store-images.s-microsoft.com/image/apps.14842.14036931078975578.35527dd4-bd1c-43d9-90ff-3a801a47df6a.e296f313-9109-4635-a3cb-14b747fb2230,139631,ARK: Survival Ascended,9N5JRWWGMS1R,
Mount & Blade: Warband,PlayStation Plus,playstation-plus,Classics Catalog,Premium,PS4,2016-09-16T04:00:00Z,false,,120,2,643,https://image.api.playstation.com/cdn/UP1468/CUSA04045_00/L4RsvwBkFNQEbzqkiUsgHHitcsoSbXna.png,6240,Mount  Blade Warband,UP1468-CUSA04045_00-0000000000000000,https://store.playstation.com/en-us/concept/209608
Elite Dangerous,PlayStation Plus,playstation-plus,Game Catalog,Extra/Premium,PS4,2017-06-27T04:00:00Z,false,74,113.6,253.8,676.8,https://image.api.playstation.com/vulcan/img/rnd/202010/0709/62EPRGVMMzeUMdvC140nDFpO.png,3088,Elite: Dangerous,UP2514-CUSA06362_00-EDBASEGAME000000,https://store.playstation.com/en-us/concept/221902
Elite Dangerous Standard Edition,Xbox Game Pass,xbox-game-pass,Game Catalog,Ultimate/PC/Console,PC | Xbox,,,74,113.6,253.8,676.8,https://store-images.s-microsoft.com/image/apps.52789.66140674465174653.87b233ab-7e5c-417b-9d55-ad08143ae685.55e2e6d9-4ffa-4887-9ec7-3fa653ceb2fd,3088,Elite: Dangerous,C3LW50BQJ878,
RoadCraft,Xbox Game Pass,xbox-game-pass,Game Catalog,Ultimate/PC/Console,PC | Xbox,,,75,104.8,134.3,158.9,https://store-images.s-microsoft.com/image/apps.24483.13982274548286624.6ccdd9db-6d03-467c-b6c3-b56c939a6347.71a57bb2-c772-46a5-8f86-8c05feae1586,155645,RoadCraft,9N4J937WLFPZ,
Persona 5 Royal,PlayStation Plus,playstation-plus,Game Catalog,Extra/Premium,PS5,2022-10-21T04:00:00Z,true,94,101.2,123.1,140.7,https://image.api.playstation.com/vulcan/ap/rnd/202209/0202/OjPcc6QP2W8kImOhWSnzojn3.png,66630,Persona 5 Royal,UP0177-PPSA05109_00-P5RGAME000000000,https://store.playstation.com/en-us/concept/10002771
Persona 5 Royal,Xbox Game Pass,xbox-game-pass,Game Catalog,Ultimate/PC/Console,PC | Xbox,,,94,101.2,123.1,140.7,https://store-images.s-microsoft.com/image/apps.13393.14482474285447263.b2785fbb-9099-42c3-b705-629a79ac7e4a.2eb2f42a-78c6-49cb-bba9-f372747ecf47,66630,Persona 5 Royal,9NZDHXL9SJJ8,
Asphalt Legends,Xbox Game Pass,xbox-game-pass,Game Catalog,Ultimate/PC/Console,PC | Xbox,,,64,83.9,154.9,466.4,https://store-images.s-microsoft.com/image/apps.13476.14471421918435459.ac5aea21-4fb1-43bd-a948-1b649d60da47.730493e6-fa1b-408d-91bc-55e03ea69a76,59993,Asphalt Legends Unite,9NZQPT0MWTD0,
SnowRunner,Xbox Game Pass,xbox-game-pass,Game Catalog,Ultimate/PC/Console,PC | Xbox,,,78,82.8,152.9,246.3,https://store-images.s-microsoft.com/image/apps.55989.13728552621924096.0f7a693b-b178-499b-ac11-0ea8578f8480.75503e8c-6c2f-46c4-b4ac-ca13ac1c9c0f,77675,SnowRunner,9PNRSC0J6DT8,
Crusader Kings III,PlayStation Plus,playstation-plus,Game Catalog,Extra/Premium,PS5,2022-03-29T16:00:00Z,true,81,76.7,165.1,585.8,https://image.api.playstation.com/vulcan/ap/rnd/202108/1607/czGau6hOvx9iQYOOkACdxqDl.png,71763,Crusader Kings III,UP4139-PPSA02307_00-TTL0000000000001,https://store.playstation.com/en-us/concept/10001858
Microsoft Flight Simulator 2024 - Standard Edition,Xbox Game Pass,xbox-game-pass,Game Catalog,Ultimate/PC/Console,PC | Xbox,,,73,73,120.5,,https://store-images.s-microsoft.com/image/apps.16212.14550648823552491.458517e5-6b50-4124-b28b-b87004bdb3d1.64ebecb5-78b0-4110-ba66-68e8c1454613,130018,Microsoft Flight Simulator 2024,9P2VGCTBMM52,
Black Desert,PlayStation Plus,playstation-plus,Game Catalog,Extra/Premium,PS5,2026-06-30T16:00:00Z,true,,72,0,0,https://image.api.playstation.com/vulcan/ap/rnd/202606/0322/6c5b321746b4697a004cfa20a85ce8bef404953c59ba6063.png,30340,Black Desert,UP4162-PPSA22500_00-0558223561392206,https://store.playstation.com/en-us/concept/233032
Genshin Impact,Xbox Game Pass,xbox-game-pass,Game Catalog,Ultimate/PC/Console,PC | Xbox,,,72,69.2,240.2,815,https://store-images.s-microsoft.com/image/apps.40706.14057893183113088.225c959c-4e96-4c0d-b572-af64d573ae06.eb1b05ab-846a-434d-8f78-d9c3d9f4bb76,68133,Genshin Impact,9N7TFFRRZCC9,
"Warhammer 40,000: Rogue Trader",Xbox Game Pass,xbox-game-pass,Game Catalog,Ultimate/PC/Console,PC | Xbox,,,84,68.5,103.9,153.3,https://store-images.s-microsoft.com/image/apps.25233.14552508636920197.1053512f-39a1-498b-9519-3c30a004cc0c.83e68ab8-2700-4883-a937-e7ffb6944232,108941,"Warhammer 40,000: Rogue Trader",9P30BFHZ1BKN,
Assassin's Creed Valhalla,PlayStation Plus,playstation-plus,Game Catalog | Ubisoft+ Classics,Extra/Premium,PS4 | PS5,2020-11-12T05:00:00Z,true,71,61.2,99,151.4,https://image.api.playstation.com/vulcan/ap/rnd/202211/1416/HXBxcRRNOpjREOW3GpBndz3u.png,77729,Assassin's Creed Valhalla,UP0001-PPSA01491_00-GAME000000000000,https://store.playstation.com/en-us/concept/10000237
Assassin's Creed Valhalla,Xbox Game Pass,xbox-game-pass,Game Catalog,Ultimate/PC/Console,PC | Xbox,,,71,61.2,99,151.4,https://store-images.s-microsoft.com/image/apps.51716.14585440003614248.9f7109bf-73f7-4bc7-ba61-1eeb006d905a.802f0267-5f00-464e-ac26-a7a901bbb532,77729,Assassin's Creed Valhalla,9P4NJFH17MRT,
Like a Dragon: Infinite Wealth PS4 & PS5,PlayStation Plus,playstation-plus,Game Catalog,Extra/Premium,PS4 | PS5,2024-01-26T05:00:00Z,true,88,57,84.2,118,https://image.api.playstation.com/vulcan/ap/rnd/202308/2906/6f49857e453aaebe72a7b32f07d2ae999be69fac5bbda1ea.png,113583,Like a Dragon: Infinite Wealth,UP0177-PPSA06435_00-LIKEADRAGON80000,https://store.playstation.com/en-us/concept/10004462
Like a Dragon: Infinite Wealth,Xbox Game Pass,xbox-game-pass,Game Catalog,Ultimate/PC/Console,PC | Xbox,,,88,57,84.2,118,https://store-images.s-microsoft.com/image/apps.51604.14465728597087432.6e0f939a-1434-4a25-b368-df8616b251aa.675d1ebb-6588-42b9-83cc-6e62ed4893e7,113583,Like a Dragon: Infinite Wealth,9P00SVGWDJCP,
Kingdom Come: Deliverance II,PlayStation Plus,playstation-plus,Game Catalog,Extra/Premium,PS5,2025-02-04T16:00:00Z,true,90,55,97.7,141.5,https://image.api.playstation.com/vulcan/ap/rnd/202408/1208/05a84ce968125d79fa36484c5a756a1c8d9b05622aae21c1.png,148973,Kingdom Come: Deliverance II,UP2047-PPSA21705_00-KCD2MAINGAMEDSUS,https://store.playstation.com/en-us/concept/10006210
Kingdom Come: Deliverance II,Xbox Game Pass,xbox-game-pass,Game Catalog,Ultimate/PC/Console,PC | Xbox,,,90,55,97.7,141.5,https://store-images.s-microsoft.com/image/apps.63936.13979588110779567.5e6f9542-73ca-4800-a714-e6819fafc7f7.76f929f7-c7fe-476b-ad30-a807168ecc09,148973,Kingdom Come: Deliverance II,9N4W31HSMVVD,
Stardew Valley,Xbox Game Pass,xbox-game-pass,Game Catalog,Ultimate/PC/Console,PC | Xbox,,,88,53.4,94.6,171.6,https://store-images.s-microsoft.com/image/apps.49352.65985311967005000.4f51b5e9-febf-4990-8951-33ba59b634c9.aace9b9e-b001-46eb-a39b-08b1332810aa,34716,Stardew Valley,C3D891Z6TNQM,
Pillars of Eternity II: Deadfire - Ultimate Edition,Xbox Game Pass,xbox-game-pass,Game Catalog,Ultimate/PC/Console,PC | Xbox,,,86,52,91,127,https://store-images.s-microsoft.com/image/apps.10942.14218490899188575.a8c726f9-aa48-4378-bee2-0dffc21a7089.4b82a2de-3303-4ebf-aa9e-168b159f6207,74703,Pillars of Eternity II: Deadfire - Ultimate Edition,9PJD2KMX7TZ6,
Terraria,Xbox Game Pass,xbox-game-pass,Game Catalog,Ultimate/PC/Console,PC | Xbox,,,87,51.7,91.9,205.6,https://store-images.s-microsoft.com/image/apps.57835.70406876433810089.4beffaca-3fee-4154-a21f-ecd9b3bedbb3.c2203645-e73c-4760-bdbe-f1bcf32a0a05,9705,Terraria,BTNPS60N3114,
Assassin’s Creed® The Ezio Collection,PlayStation Plus,playstation-plus,Game Catalog | Ubisoft+ Classics,Extra/Premium,PS4,2016-11-15T05:00:00Z,false,84,50.8,71.5,106.4,https://image.api.playstation.com/cdn/UP0001/CUSA05008_00/4M2SL5I24y6PCYbyFpQJOGzq14NJXGsw.png,42685,Assassin's Creed: The Ezio Collection,UP0001-CUSA05008_00-ACLEGACYHD000000,https://store.playstation.com/en-us/concept/225519
Assassin's Creed® The Ezio Collection,Xbox Game Pass,xbox-game-pass,Game Catalog,Ultimate/PC/Console,PC | Xbox,,,84,50.8,71.5,106.4,https://store-images.s-microsoft.com/image/apps.37308.69011092827716296.e9190db7-6f4c-478c-8555-3edad4336a39.3b1b1f2a-5764-4818-8e36-0027b533bd64,42685,Assassin's Creed: The Ezio Collection,BQ9S8ZKCT3Q7,
DayZ,Xbox Game Pass,xbox-game-pass,Game Catalog,Ultimate/PC/Console,PC | Xbox,,,61,50.8,91.5,133.6,https://store-images.s-microsoft.com/image/apps.47889.69886306496288395.9ec42146-6037-4440-b5c7-3a44e5213cc3.633ff3eb-8f2a-4567-ac38-ab688a819736,2290,DayZ,BSR9NLHVF1KL,
Age of Wonders: Planetfall,PlayStation Plus,playstation-plus,Game Catalog,Extra/Premium,PS4,2019-08-06T04:00:00Z,false,,48,0,0,https://image.api.playstation.com/vulcan/img/rnd/202010/0716/HTp4sg8nvqCdNoMJnufsqmO9.png,59880,Age of Wonders Planetfall,UP4139-CUSA13583_00-AOWPLANETFALL000,https://store.playstation.com/en-us/concept/232658
Red Dead Redemption 2,PlayStation Plus,playstation-plus,Game Catalog,Extra/Premium,PS4,2018-10-26T04:00:00Z,false,,48,77.5,164,https://image.api.playstation.com/cdn/UP1004/CUSA03041_00/Hpl5MtwQgOVF9vJqlfui6SDB5Jl4oBSq.png,27100,Red Dead Redemption 2,UP1004-CUSA03041_00-REDEMPTIONFULL02,https://store.playstation.com/en-us/concept/209441
The Elder Scrolls Online (PS4),PlayStation Plus,playstation-plus,Game Catalog,Extra/Premium,PS4,2015-06-09T04:00:00Z,false,70,47.9,207.4,606.9,https://image.api.playstation.com/vulcan/ap/rnd/202503/2521/0139eed8a6364389d3d50eacd6e6d0aaefc46e815b8d8107.png,17596,The Elder Scrolls Online,UP1003-CUSA00132_00-GAMECLIENT000000,https://store.playstation.com/en-us/concept/204861
The Elder Scrolls Online (PS5),PlayStation Plus,playstation-plus,Game Catalog,Extra/Premium,PS5,2021-06-15T11:00:00Z,true,70,47.9,207.4,606.9,https://image.api.playstation.com/vulcan/ap/rnd/202503/2521/0139eed8a6364389d3d50eacd6e6d0aaefc46e815b8d8107.png,17596,The Elder Scrolls Online,UP1003-PPSA02017_00-OSPREYGAMECLIENT,https://store.playstation.com/en-us/concept/204861
The Elder Scrolls Online: Standard Edition,Xbox Game Pass,xbox-game-pass,Game Catalog,Ultimate/PC/Console,PC | Xbox,,,70,47.9,207.4,606.9,https://store-images.s-microsoft.com/image/apps.8222.69742768075920623.827baea2-0e15-46be-a422-347ee95ca314.2f21aa22-3b82-4e24-b84f-5fdebd9b9311,17596,The Elder Scrolls Online,BRKX5CRMRTC2,
Brawlhalla,Xbox Game Pass,xbox-game-pass,Game Catalog,Ultimate/PC/Console,PC | Xbox,,,64,47.6,115.8,315.2,https://store-images.s-microsoft.com/image/apps.54575.13891464908023063.a2b61e88-13f6-441b-9e30-86dbd5d67e01.9a535c78-96cc-466f-b15e-b4c99c64c13c,22766,Brawlhalla,C3B1V55CDL0C,
Eiyuden Chronicle: Hundred Heroes,PlayStation Plus,playstation-plus,Game Catalog,Extra/Premium,PS4 | PS5,2024-04-23T04:00:00Z,true,76,46.7,66.4,98.3,https://image.api.playstation.com/vulcan/ap/rnd/202309/0610/5ac881e0e3f0e361826382f894b4050776079eb18c1692ea.png,82916,Eiyuden Chronicle: Hundred Heroes,UP4040-PPSA04721_00-EIYUDENHEROESPS5,https://store.playstation.com/en-us/concept/10003484
Zenless Zone Zero,Xbox Game Pass,xbox-game-pass,Game Catalog,Ultimate/PC/Console,PC | Xbox,,,76,46.3,81.9,133.3,https://store-images.s-microsoft.com/image/apps.28577.13974579424110118.c5a91c87-b857-4a17-add3-fc6ba76c3f74.5bbb6b0c-cc25-4abe-bf01-c00408e6e3fa,109101,Zenless Zone Zero,9N4X0WFZ2STM,
Assassin's Creed® Odyssey,PlayStation Plus,playstation-plus,Game Catalog | Ubisoft+ Classics,Extra/Premium,PS4,2018-10-05T04:00:00Z,false,79,45.6,85.4,145.3,https://image.api.playstation.com/cdn/UP0001/CUSA09311_00/2XEenNH5pD4Ro375xwOG8tBwC9xMfEAE.png,57503,Assassin's Creed Odyssey,UP0001-CUSA09311_00-GAME000000000000,https://store.playstation.com/en-us/concept/229601
Assassin's Creed Odyssey,Xbox Game Pass,xbox-game-pass,Game Catalog,Ultimate/PC/Console,PC | Xbox,,,79,45.6,85.4,145.3,https://store-images.s-microsoft.com/image/apps.60169.71972716530068101.ccdcadf1-1d2a-49f2-9c37-0b0a27e5a53c.90ee9374-df3a-4c86-8948-858a5adf29b7,57503,Assassin's Creed Odyssey,BW9TWC8L4JCS,
Deep Rock Galactic,Xbox Game Pass,xbox-game-pass,Game Catalog,Ultimate/PC/Console,PC | Xbox,,,80,44.6,138.5,493.6,https://store-images.s-microsoft.com/image/apps.1444.13626568325427111.acf8bd0b-a403-422a-bfd4-5262a9b59ec2.8e099efd-082f-4d41-8941-17309ee91c92,47169,Deep Rock Galactic,9NHFVWX1V7QJ,
The Elder Scrolls III: Morrowind,Xbox Game Pass,xbox-game-pass,Game Catalog,Ultimate/PC/Console,PC | Xbox,,,84,44.2,105,297.7,https://store-images.s-microsoft.com/image/apps.23519.63316511565903586.d62160f8-6032-426e-af13-d87fe2d204a7.22bb08a7-a717-490d-8d63-036a3db4dc92,9850,The Elder Scrolls III: Morrowind,BXVCFBJBNS17,
Abiotic Factor,PlayStation Plus,playstation-plus,Game Catalog,Extra/Premium,PS5,2025-07-22T16:00:00Z,true,82,43.8,74,88.1,https://image.api.playstation.com/vulcan/ap/rnd/202502/1023/857950e3d659c14025f00df668cc9d853edaa3e0ae592e94.png,149774,Abiotic Factor,EP3495-PPSA26012_00-0867930864684348,https://store.playstation.com/en-us/concept/10012483
Abiotic Factor,Xbox Game Pass,xbox-game-pass,Game Catalog,Ultimate/PC/Console,PC | Xbox,,,82,43.8,74,88.1,https://store-images.s-microsoft.com/image/apps.53884.14585229772819603.06d592a4-a006-4f6e-901f-b18fb39d663a.bbe40b6f-cf70-4277-a589-d6269843d9b5,149774,Abiotic Factor,9P4NV23Q6QC2,
The Bard's Tale IV: Director's Cut,Xbox Game Pass,xbox-game-pass,Game Catalog,Ultimate/PC/Console,PC | Xbox,,,71,43.7,61.2,79.3,https://store-images.s-microsoft.com/image/apps.34604.65351109767529701.defb4d0d-acab-4fd9-8208-7283068f991e.34d0241a-bbac-43d8-8e46-541283f89936,69339,The Bard's Tale IV: Director's Cut,C2B4T86TXLRS,
Wartales,Xbox Game Pass,xbox-game-pass,Game Catalog,Ultimate/PC/Console,PC | Xbox,,,70,43.7,76.1,146.6,https://store-images.s-microsoft.com/image/apps.57743.14440655325358467.0a9794a6-3645-4db4-a85e-c611d041111a.80dc7cd7-d40f-455f-9676-f0cf0946ae88,93986,Wartales,9NWQ686JB33G,
Halo: The Master Chief Collection,Xbox Game Pass,xbox-game-pass,Game Catalog,Ultimate/PC/Console,PC | Xbox,,,86,43.4,70.3,334.5,https://store-images.s-microsoft.com/image/apps.16930.13817186670444302.148c432a-9fce-4c7d-bf13-8a2bd3a527b3.99d16324-9915-41d7-a388-fa5dd98940cb,22621,Halo: The Master Chief Collection,9MT8PTGVHX2P,
Construction Simulator,PlayStation Plus,playstation-plus,Game Catalog,Extra/Premium,PS4 | PS5,2022-09-20T04:00:00Z,true,56,42.9,45.3,138.2,https://image.api.playstation.com/vulcan/ap/rnd/202204/2008/J8tdXQc59EDwrIgeHySj1yHf.png,114615,Construction Simulator,UP2565-PPSA04379_00-8001017598364664,https://store.playstation.com/en-us/concept/10000438
Construction Simulator,Xbox Game Pass,xbox-game-pass,Game Catalog,Ultimate/PC/Console,PC | Xbox,,,56,42.9,45.3,138.2,https://store-images.s-microsoft.com/image/apps.59831.13712624405302534.e55738fd-2c3b-455f-a5a8-9e7ddcadb7c8.85085ada-16e8-4b26-a684-e6e82b33c603,114615,Construction Simulator,9NLFZVMSQ7CC,
Age of Empires II: Definitive Edition,Xbox Game Pass,xbox-game-pass,Game Catalog,Ultimate/PC/Console,PC | Xbox,,,86,42.8,134.9,219.4,https://store-images.s-microsoft.com/image/apps.64988.13678235101671609.6ca6b3d7-f538-4bc0-aeb7-42f19e88b13b.ab42ecb3-c743-415d-ab25-89b6ed4d8060,68260,Age of Empires II: Definitive Edition,9N42SSSX2MTG,
Expeditions: A MudRunner Game (PS4 & PS5),PlayStation Plus,playstation-plus,Game Catalog,Extra/Premium,PS4 | PS5,2024-03-05T10:00:00Z,true,68,42.5,68.4,101,https://image.api.playstation.com/vulcan/ap/rnd/202310/1809/8fb813c0709d15b1efd22c39ca3ead0f4e132f2d9c291379.png,134564,Expeditions: A MudRunner Game,UP4133-PPSA17423_00-SNOWRUNNEREXPEDI,https://store.playstation.com/en-us/concept/10008790
Kingdom Come: Deliverance,PlayStation Plus,playstation-plus,Game Catalog,Extra/Premium,PS5 | PS4,2026-02-13T16:00:00Z,true,81,42.5,80,136.4,https://image.api.playstation.com/vulcan/ap/rnd/202602/0313/8d0a12037596ef54fb9f7e79bd77bca4942df26119014b2c.png,21697,Kingdom Come: Deliverance,EP4062-PPSA28731_00-0405812491993057,https://store.playstation.com/en-us/concept/227410
Kingdom Come: Deliverance,Xbox Game Pass,xbox-game-pass,Game Catalog,Ultimate/PC/Console,PC | Xbox,,,81,42.5,80,136.4,https://store-images.s-microsoft.com/image/apps.13415.67852277315147388.d5a39ed0-009d-48ff-b846-7571463e338c.bc2a26df-ec2d-4785-81a1-cb7203857a1b,21697,Kingdom Come: Deliverance,BNBWFH89FCF1,
Palworld,Xbox Game Pass,xbox-game-pass,Game Catalog,Ultimate/PC/Console,PC | Xbox,,,74,41.9,76.4,93.3,https://store-images.s-microsoft.com/image/apps.45491.13654268679289325.ececb946-5639-4e77-b347-9d188d4e7e02.d4615c02-237f-4ec6-8ec6-a84aaeed586f,102201,Palworld,9NKV34XDW014,
Monster Hunter Stories 2: Wings of Ruin,PlayStation Plus,playstation-plus,Game Catalog,Extra/Premium,PS4,2024-06-14T04:00:00Z,false,79,41.3,60.7,142.6,https://image.api.playstation.com/vulcan/ap/rnd/202402/0808/e8e4c955262795d508bf4bda41b32c6286629de781f2deec.png,83164,Monster Hunter Stories 2: Wings of Ruin,UP0102-CUSA43546_00-FULLGAME00000001,https://store.playstation.com/en-us/concept/10007583
For The King II,Xbox Game Pass,xbox-game-pass,Game Catalog,Ultimate/PC/Console,PC | Xbox,,,73,41,79.6,180,https://store-images.s-microsoft.com/image/apps.14890.14401580739712929.1516cf95-6368-4bda-ba63-aea64b42d32f.47232528-8957-4bd1-b81b-ab3fa4286f1e,128032,For The King II,9NVC9KWJVLT0,
Wasteland 2: Director's Cut,Xbox Game Pass,xbox-game-pass,Game Catalog,Ultimate/PC/Console,PC | Xbox,,,76,40.8,65,100.1,https://store-images.s-microsoft.com/image/apps.44620.67543493413768448.5fe0b603-cfee-4844-b8b0-07e502111713.94dd19f4-8574-474f-a329-6de47a1d8397,11099,Wasteland 2,C521HDXRTS7F,
Little Rocket Lab,Xbox Game Pass,xbox-game-pass,Game Catalog,Ultimate/PC/Console,PC | Xbox,,,85,40.6,46.5,80,https://store-images.s-microsoft.com/image/apps.1709.14000344005974621.9729934f-27d2-4900-8aa2-53049eb44202.fb1cffa2-b0b1-4295-9b55-b3112f9fecd1,160525,Little Rocket Lab,9N3M5D5ZSW34,
DEATH STRANDING,PlayStation Plus,playstation-plus,Game Catalog,Extra/Premium,PS4,2019-11-08T05:00:00Z,false,85,40.5,60,112.8,https://image.api.playstation.com/vulcan/img/rnd/202009/2921/40aD0BqRUHyHdXdC6nwtwON5.png,38061,Death Stranding,UP9000-CUSA11260_00-DEATHSTRAND00001,https://store.playstation.com/en-us/concept/234585
DEATH STRANDING DIRECTOR’S CUT,PlayStation Plus,playstation-plus,Game Catalog,Extra/Premium,PS5,2021-09-24T04:00:00Z,true,85,40.5,60,112.8,https://image.api.playstation.com/vulcan/ap/rnd/202106/2214/Trdth4yKbz45CVH7VGCT1INp.png,38061,Death Stranding,UP9000-PPSA01969_00-DEATHSTRANDINGUS,https://store.playstation.com/en-us/concept/234585
DEATH STRANDING DIRECTOR'S CUT,Xbox Game Pass,xbox-game-pass,Game Catalog,Ultimate/PC/Console,PC | Xbox,,,85,40.5,60,112.8,https://store-images.s-microsoft.com/image/apps.65472.13774354316070254.dbfd815f-aaf8-4e63-b069-bd514601d13b.6bc5a8c9-3865-4600-abf0-1c2e2df6d988,38061,Death Stranding,9NQGN8TGNT8P,
Dragon Age: Origins,Xbox Game Pass,xbox-game-pass,Game Catalog,Ultimate/PC/Console,PC | Xbox,,,86,40.3,57.8,86.8,https://store-images.s-microsoft.com/image/apps.25088.70226594498231256.17116041-5bab-4f35-9bd5-63b5de669a3f.3076712f-3ab7-4813-a935-b1f954d8e904,2760,Dragon Age: Origins,BS9SX4Q6XJRF,
The First Descendant,Xbox Game Pass,xbox-game-pass,Game Catalog,Ultimate/PC/Console,PC | Xbox,,,71,37,64.2,98.5,https://store-images.s-microsoft.com/image/apps.69.14088967971354578.6905da5e-eaf6-4f51-aabc-e221a5476323.b846aec6-4e7d-4847-b836-27fcdb7e97a6,115058,The First Descendant,9P8FBXKMCLWC,
Disney Dreamlight Valley,Xbox Game Pass,xbox-game-pass,Game Catalog,Ultimate/PC/Console,PC | Xbox,,,72,36.6,79.6,130.5,https://store-images.s-microsoft.com/image/apps.62890.14365104417622257.42e17a74-81d1-4e35-8c38-a935ba30ef21.80948ce2-63b2-49df-9e97-4ab247b81f10,107141,Disney Dreamlight Valley,9NSF0BGH8D86,
Forza Motorsport Standard Edition,Xbox Game Pass,xbox-game-pass,Game Catalog,Ultimate/PC/Console,PC | Xbox,,,66,36.4,67.4,163.8,https://store-images.s-microsoft.com/image/apps.4206.14311721322459352.08838dcd-1049-42ef-a004-b13ad1d41946.9657386a-652e-45b5-a08b-0583c5e0db8c,109240,Forza Motorsport,9PLKVSWR299F,
Fallout 76 PS4 & PS5,PlayStation Plus,playstation-plus,Game Catalog,Extra/Premium,PS4 | PS5,2026-09-15T16:00:00Z,true,61,36.3,114.6,308.3,https://image.api.playstation.com/vulcan/ap/rnd/202608/1214/4240708e955c460e92bcaa1f453f1e50567f29fce6636431.png,57416,Fallout 76,UP1003-PPSA30932_00-PROJECTSYMES0000,https://store.playstation.com/en-us/concept/232248
Fallout 76,Xbox Game Pass,xbox-game-pass,Game Catalog,Ultimate/PC/Console,PC | Xbox,,,61,36.3,114.6,308.3,https://store-images.s-microsoft.com/image/apps.27308.70143269474194625.b0e8b744-cb24-48cd-9498-108cc064643f.3b3afca7-622d-44bd-b112-ff6d4e025fce,57416,Fallout 76,BS6WJ2L56B10,
MechWarrior 5: Mercenaries,Xbox Game Pass,xbox-game-pass,Game Catalog,Ultimate/PC/Console,PC | Xbox,,,73,36,58,149.6,https://store-images.s-microsoft.com/image/apps.1453.14123304312086404.5dc09435-a0e3-402c-ba22-f58dbbaccd21.e2b9a345-d6e3-4983-ad7d-2d2c5c192d1c,67949,MechWarrior 5: Mercenaries,9PB86W3JK8Z5,
Wasteland 3,Xbox Game Pass,xbox-game-pass,Game Catalog,Ultimate/PC/Console,PC | Xbox,,,80,36,49.7,75.3,https://store-images.s-microsoft.com/image/apps.31983.69010346493633739.074410cb-38ab-4f48-b6fe-0ffa69c89fa9.b1e9bf9f-f41e-4384-9a25-748d0b18fedd,42532,Wasteland 3,BQ9T0JF0D3L4,
PowerWash Simulator 2,Xbox Game Pass,xbox-game-pass,Game Catalog,Ultimate/PC/Console,PC | Xbox,,,81,35.6,40.5,42.8,https://store-images.s-microsoft.com/image/apps.42570.14599755904534716.17bb0a59-5620-4f18-8288-e31c9ada08d4.8c875317-d3b8-4f1b-bb2e-f233574f90c9,165177,PowerWash Simulator 2,9P45GGDTFNSM,
Pillars of Eternity: Complete Edition,Xbox Game Pass,xbox-game-pass,Game Catalog,Ultimate/PC/Console,PC | Xbox,,,80,35.5,79.5,107.1,https://store-images.s-microsoft.com/image/apps.15487.69508748727770428.7ce00ad4-485c-4664-819a-1d17af316267.8617d93c-eaf0-497c-b0f5-2f0e6102e9ff,71293,Pillars of Eternity: Complete Edition,BS34VNW7H61F,
Planet Zoo,PlayStation Plus,playstation-plus,Game Catalog,Extra/Premium,PS5,2024-03-26T14:00:00Z,true,80,35.4,58.1,98.3,https://image.api.playstation.com/vulcan/ap/rnd/202401/1212/3e9face5939ff74cb52fc44508cd42d0481d85f3612a09e9.png,68032,Planet Zoo,UP2514-PPSA18027_00-PLANETZOOOOOOOOO,https://store.playstation.com/en-us/concept/10009025
Phoenix Point,Xbox Game Pass,xbox-game-pass,Game Catalog,Ultimate/PC/Console,PC | Xbox,,,61,35.3,73.4,145.7,https://store-images.s-microsoft.com/image/apps.155.14507726714197033.ea391b48-d8cb-4724-a6cb-765168bd5161.3cfc32f8-f682-490e-9e59-cd6548a4c102,53702,Phoenix Point,9P1P5Q3BNM7J,
The Settlers: New Allies,PlayStation Plus,playstation-plus,Game Catalog | Ubisoft+ Classics,Extra/Premium,PS4,2023-03-16T12:00:00Z,false,62,34.5,43.3,,https://image.api.playstation.com/vulcan/ap/rnd/202210/2617/7o69gXCuTHgOTJSLFfew4it5.png,102978,The Settlers: New Allies,UP0001-CUSA18990_00-UBISOFTSETTLERSR,https://store.playstation.com/en-us/concept/234411
The Settlers®: New Allies,Xbox Game Pass,xbox-game-pass,Game Catalog,Ultimate/PC/Console,PC | Xbox,,,62,34.5,43.3,,https://store-images.s-microsoft.com/image/apps.55881.13977733522491696.6fc8f63b-9fd7-4153-9b1f-efc78cf2301b.35e54d1e-e6bf-44ea-911f-f03352ab00a0,102978,The Settlers: New Allies,9NPGPDCXWJQ7,
Monster Hunter Stories,PlayStation Plus,playstation-plus,Game Catalog,Extra/Premium,PS4,2024-06-14T04:00:00Z,false,77,34,49.2,89.4,https://image.api.playstation.com/vulcan/ap/rnd/202403/0105/e058b465f4e8c6525af84885857c7f6293cc4ce6d69f2933.png,41916,Monster Hunter Stories,UP0102-CUSA43543_00-FULLGAME00000001,https://store.playstation.com/en-us/concept/10007582
Planet Coaster 2,PlayStation Plus,playstation-plus,Game Catalog,Extra/Premium,PS5,2024-11-06T15:00:00Z,true,83,32,51.1,,https://image.api.playstation.com/vulcan/ap/rnd/202407/1008/87e0de75f7f626f1205908e47f7b95d9a52fb660efea8e74.png,153454,Planet Coaster 2,EP2377-PPSA19633_00-PLANETCOASTER200,https://store.playstation.com/en-us/concept/10009610
Planet Coaster 2,Xbox Game Pass,xbox-game-pass,Game Catalog,Ultimate/PC/Console,PC | Xbox,,,83,32,51.1,,https://store-images.s-microsoft.com/image/apps.43403.14268784579049883.7baa6b03-b644-46a0-b2d9-71ca584b3862.b37e68d8-f216-4469-a3f2-914e43748ce2,153454,Planet Coaster 2,9PK5WS0HXQKQ,
Grounded,Xbox Game Pass,xbox-game-pass,Game Catalog,Ultimate/PC/Console,PC | Xbox,,,78,31.9,70.9,102.1,https://store-images.s-microsoft.com/image/apps.43675.14280109286674604.0f240f37-6e7f-43b4-bd81-aabc884bc103.0aabbba3-e5f5-4665-9eac-7a9c36f80430,77857,Grounded,9PJTHRNVH62H,
No Man's Sky,Xbox Game Pass,xbox-game-pass,Game Catalog,Ultimate/PC/Console,PC | Xbox,,,73,31.7,76.9,155.7,https://store-images.s-microsoft.com/image/apps.7092.68818099466568894.c45f3219-f40b-416f-b0ee-34cb9652410f.ca4d1687-ccff-4a3c-82c7-967fe95ba8f5,20074,No Man's Sky,BQVQTL3PCH05,
WUCHANG: Fallen Feathers,Xbox Game Pass,xbox-game-pass,Game Catalog,Ultimate/PC/Console,PC | Xbox,,,78,31.2,37.2,48.9,https://store-images.s-microsoft.com/image/apps.21013.13783945394833991.9c211df2-6d91-4ddb-8a9b-d22dd17d57de.4c8b877f-90a7-4ca6-a49a-2221fb2d651e,152015,Wuchang: Fallen Feathers,9NPRHD8GQKQS,
Skull and Bones,PlayStation Plus,playstation-plus,Game Catalog | Ubisoft+ Classics,Extra/Premium,PS5,2024-02-16T00:00:00Z,true,50,30.8,44.8,62.4,https://image.api.playstation.com/vulcan/ap/rnd/202605/0713/0c7ac434f7527fe28e0d4201db879d14438b8d409e456b86.png,57531,Skull and Bones,UP0001-PPSA02202_00-GAME000000000000,https://store.playstation.com/en-us/concept/225700
Skull and Bones,Xbox Game Pass,xbox-game-pass,Game Catalog,Ultimate/PC/Console,PC | Xbox,,,50,30.8,44.8,62.4,https://store-images.s-microsoft.com/image/apps.29672.63081064281400272.9b0f0eaf-a998-4bb1-8993-58e590d94272.0e0dc097-e34c-4b10-bb19-c8c9ca0d9a0e,57531,Skull and Bones,BXF9VWKCD6QW,
Monster Sanctuary,Xbox Game Pass,xbox-game-pass,Game Catalog,Ultimate/PC/Console,PC | Xbox,,,80,30.3,36.9,47.8,https://store-images.s-microsoft.com/image/apps.34105.13871023289633408.3b8d784d-b4cc-454a-bad2-973666e4a18a.64278c54-b7db-40e7-a001-db184e048fed,70012,Monster Sanctuary,9MZNS9NZ97PF,
Assassin's Creed Origins,PlayStation Plus,playstation-plus,Game Catalog | Ubisoft+ Classics,Extra/Premium,PS4,2017-10-27T04:00:00Z,false,79,30.2,52.5,85.3,https://image.api.playstation.com/gs2-sec/acpkgo/prod/CUSA05640_00/124/i_1d2832992a4c1a771ba04c00382ae7136dcb9eb217239e99778829d5f0b6cd26/i/icon0.png,46402,Assassin's Creed Origins,UP0001-CUSA05855_00-GAMEACEMPIRE0000,https://store.playstation.com/en-us/concept/222066
Assassin's Creed Origins,Xbox Game Pass,xbox-game-pass,Game Catalog,Ultimate/PC/Console,PC | Xbox,,,79,30.2,52.5,85.3,https://store-images.s-microsoft.com/image/apps.12595.63657969076271726.154f5a09-55ab-4b31-bc57-4e0335fab06a.483a88b2-de82-4242-a2cf-844ae658fde1,46402,Assassin's Creed Origins,BZGJRJC1FGF3,
Medieval Dynasty,Xbox Game Pass,xbox-game-pass,Game Catalog,Ultimate/PC/Console,PC | Xbox,,,73,30.2,56.5,301.9,https://store-images.s-microsoft.com/image/apps.21853.14156112272410024.305e8482-2c5b-4228-abdb-396b9bfe447c.c92a0c3a-10af-4418-a1b2-11fbfa535f66,83172,Medieval Dynasty,9PDDP6ML6XHF,
Medieval Dynasty (Xbox One),Xbox Game Pass,xbox-game-pass,Game Catalog,Ultimate/PC/Console,PC | Xbox,,,73,30.2,56.5,301.9,https://store-images.s-microsoft.com/image/apps.21853.13947624431918587.c5830bb6-656d-4897-9dd0-1726ed391bdb.de261e95-88f5-4828-b41c-420c25bde43f,83172,Medieval Dynasty,9N2PS831S84N,
Visions of Mana,Xbox Game Pass,xbox-game-pass,Game Catalog,Ultimate/PC/Console,PC | Xbox,,,77,29.6,42.7,52.1,https://store-images.s-microsoft.com/image/apps.38896.13682791436862455.fd616451-bc9e-4d12-b724-a0f613e579be.fe3a70bd-8551-4fcf-8593-232ee1006745,141839,Visions of Mana,9NJ5WV40PD08,
Clair Obscur: Expedition 33,Xbox Game Pass,xbox-game-pass,Game Catalog,Ultimate/PC/Console,PC | Xbox,,,94,29.1,45.5,67.6,https://store-images.s-microsoft.com/image/apps.13628.14322280443288156.27788484-2760-47f7-be0d-dd693682e016.04a10e3c-848f-424d-a431-2846f34b1a6b,152016,Clair Obscur: Expedition 33,9PPT8K6GQHRZ,
The Bard's Tale Trilogy,Xbox Game Pass,xbox-game-pass,Game Catalog,Ultimate/PC/Console,PC | Xbox,,,68,29,48,105.7,https://store-images.s-microsoft.com/image/apps.58193.13855942306543540.f07392fd-5f64-460d-82f5-27790455d1e0.be4aa1b8-dc12-4784-9111-96d6c245d360,59950,The Bard's Tale Trilogy,9MVN4ND41DD3,
Age of Empires IV: Anniversary Edition,Xbox Game Pass,xbox-game-pass,Game Catalog,Ultimate/PC/Console,PC | Xbox,,,75,28.2,38.2,168,https://store-images.s-microsoft.com/image/apps.20558.14235977975261210.592375c9-78a4-4653-8c7f-a8e510e6c26a.f4f5408e-cd13-44d7-80c1-830ab0019d3a,48733,Age of Empires IV,9PHH1ZWRSZ41,
Star Trucker,Xbox Game Pass,xbox-game-pass,Game Catalog,Ultimate/PC/Console,PC | Xbox,,,58,28.2,31.5,38,https://store-images.s-microsoft.com/image/apps.15341.13821700683757810.93b2f721-fab5-4d3d-b441-a854a8efa421.9d558167-ba9b-43f1-ae67-c402aa1d8ef5,129876,Star Trucker,9MT19Q3CRMQZ,
Hollow Knight: Silksong,Xbox Game Pass,xbox-game-pass,Game Catalog,Ultimate/PC/Console,PC | Xbox,,,91,28.1,46.3,64.3,https://store-images.s-microsoft.com/image/apps.40391.13915115277924383.ab2daab8-cb71-4e1a-ad73-9e4a3e87c3f3.960a3fa2-5987-49b8-9d15-602af0a1ff93,65945,Hollow Knight: Silksong,9N116V0599HB,
Fallout 4,PlayStation Plus,playstation-plus,Game Catalog,Extra/Premium,PS4 | PS5,2024-04-25T14:00:00Z,true,76,27.8,83.3,160.7,https://image.api.playstation.com/cdn/UP1003/CUSA02557_00/j4PdxSxO3optsrP1SxnAqdq6qCmYPd9x.png,26729,Fallout 4,UP1003-PPSA09016_00-FALLOUT4FULLGAME,https://store.playstation.com/en-us/concept/201511
Fallout 4,Xbox Game Pass,xbox-game-pass,Game Catalog,Ultimate/PC/Console,PC | Xbox,,,76,27.8,83.3,160.7,https://store-images.s-microsoft.com/image/apps.39982.66091604408099736.7f81588d-a4e2-49c1-b49d-b774ce2d8edb.bad9ecbd-69b6-42d5-8449-071c2137bc81,26729,Fallout 4,C3KLDKZBHNCZ,
Cities: Skylines - PlayStation®4 Edition,PlayStation Plus,playstation-plus,Game Catalog,Extra/Premium,PS4,2017-08-15T04:00:00Z,true,78,27.6,68.3,183.3,https://image.api.playstation.com/cdn/UP4139/CUSA06548_00/gWoHu0OZ3sZE0lfIhzTI1eTZyTKpvtma.png,24640,Cities: Skylines,UP4139-CUSA06548_00-CITIESPS4GAME002,https://store.playstation.com/en-us/concept/224821
Cities: Skylines - Remastered,Xbox Game Pass,xbox-game-pass,Game Catalog,Ultimate/PC/Console,PC | Xbox,,,78,27.6,68.3,183.3,https://store-images.s-microsoft.com/image/apps.29080.13877341660077011.7198ab78-e545-4cfe-8105-110d8c697dac.0e9d3b1f-ac49-4095-aff8-1907560d4d18,24640,Cities: Skylines,9MZ4GBWX9GND,
Cities: Skylines - Xbox One Edition,Xbox Game Pass,xbox-game-pass,Game Catalog,Ultimate/PC/Console,PC | Xbox,,,78,27.6,68.3,183.3,https://store-images.s-microsoft.com/image/apps.42716.66617542682682743.811213f2-2c45-4145-973d-fe3e3774b196.c2dab488-7382-45d1-bf6c-6b8be6e3fd96,24640,Cities: Skylines,C4GH8N6ZXG5L,
Battle Chasers: Nightwar,PlayStation Plus,playstation-plus,Game Catalog,Extra/Premium,PS4,2017-10-03T04:00:00Z,false,,27.5,41.5,64.5,https://image.api.playstation.com/cdn/UP4389/CUSA06807_00/mBskpqGcf1sm8gItYHNemBbEXiFuK5lB.png,30017,Battle Chasers Nightwar,UP4389-CUSA06807_00-BATTLECHASERSUS0,https://store.playstation.com/en-us/concept/224815
The Elder Scrolls IV: Oblivion,Xbox Game Pass,xbox-game-pass,Game Catalog,Ultimate/PC/Console,PC | Xbox,,,83,27.5,84.9,183.3,https://store-images.s-microsoft.com/image/apps.45067.67239414110062952.96aaa173-4598-4591-add8-4e72f4c963c7.17438203-a39e-4bf9-b0a5-81c35b878929,9854,The Elder Scrolls IV: Oblivion,C5K89TFLSV19,
The Elder Scrolls IV: Oblivion Remastered,Xbox Game Pass,xbox-game-pass,Game Catalog,Ultimate/PC/Console,PC | Xbox,,,83,27.5,84.9,183.3,https://store-images.s-microsoft.com/image/apps.59365.13768907753672648.dcd706bb-ce91-4b3f-9525-10b1d4af8423.991ee19d-3b4e-40f9-a06e-1af5ffa31cca,9854,The Elder Scrolls IV: Oblivion,9NQR437K7PQH,
Tom Clancy's Ghost Recon Wildlands,PlayStation Plus,playstation-plus,Game Catalog | Ubisoft+ Classics,Extra/Premium,PS4,2017-03-07T05:00:00Z,false,73,27.1,54.3,84.9,https://image.api.playstation.com/vulcan/ap/rnd/202607/0808/a0b12dbede049aedfb7650056f4eda03b924ac524482388b.png,43499,Tom Clancy's Ghost Recon Wildlands,UP0001-CUSA02902_00-GRWNCSANORMAL000,https://store.playstation.com/en-us/concept/201697
Tom Clancy's Ghost Recon Wildlands,Xbox Game Pass,xbox-game-pass,Game Catalog,Ultimate/PC/Console,PC | Xbox,,,73,27.1,54.3,84.9,https://store-images.s-microsoft.com/image/apps.54689.65577870102127192.cc211066-4ede-470b-9241-48c6083d347f.6085670e-8912-4d00-8ab3-6705011b8ac7,43499,Tom Clancy's Ghost Recon Wildlands,C2N9CS4FS1QR,
Hollow Knight Voidheart Edition,PlayStation Plus,playstation-plus,Game Catalog,Extra/Premium,PS4 | PS5,2026-02-06T00:00:00Z,true,91,27,41.6,65.2,https://image.api.playstation.com/vulcan/ap/rnd/202601/1505/1425e65d043da63396a10ccf87d5e4af50175464e64cda30.png,26286,Hollow Knight,UP1822-PPSA34970_00-HOLLOWKNIGHTPS50,https://store.playstation.com/en-us/concept/232654
Hollow Knight: Voidheart Edition,Xbox Game Pass,xbox-game-pass,Game Catalog,Ultimate/PC/Console,PC | Xbox,,,91,27,41.6,65.2,https://store-images.s-microsoft.com/image/apps.54353.13847644057609868.8865d2a2-5e11-4424-85ce-1db30a161bd9.169278fe-0e50-4959-b962-bcf1ae5d84d7,26286,Hollow Knight,9MW9469V91LM,
Fallout: New Vegas,Xbox Game Pass,xbox-game-pass,Game Catalog,Ultimate/PC/Console,PC | Xbox,,,88,26.9,60.4,131.4,https://store-images.s-microsoft.com/image/apps.54716.63413868670389858.a909f79f-bf9a-495a-9565-6895806c3525.3405026a-8882-4e5a-8f49-41ccbc9686a3,3351,Fallout: New Vegas,BX3JNK07Z6QK,
Hogwarts Legacy,Xbox Game Pass,xbox-game-pass,Game Catalog,Ultimate/PC/Console,PC | Xbox,,,79,26.7,45.2,72,https://store-images.s-microsoft.com/image/apps.1336.13814785456466922.0fef76f8-710d-4aca-b42f-c45e536f8d2b.96a5486a-56bf-41d9-84be-225d85509a34,83145,Hogwarts Legacy,9MT5NJ5W7B8Z,
God of War Ragnarök,PlayStation Plus,playstation-plus,Game Catalog,Extra/Premium,PS4 | PS5,2022-11-09T05:00:00Z,true,89,26.5,40.6,55.5,https://image.api.playstation.com/vulcan/ap/rnd/202503/2016/b69c06fb108299866057126b0d3a0530bdf96a39d2ce1cb9.png,83146,God of War: Ragnarök,UP9000-PPSA08329_00-GOWRAGNAROK00000,https://store.playstation.com/en-us/concept/10001850
Cyberpunk 2077,PlayStation Plus,playstation-plus,Game Catalog,Extra/Premium,PS4 | PS5,2022-02-15T16:00:00Z,true,84,26,63,108.3,https://image.api.playstation.com/vulcan/ap/rnd/202111/3013/cKZ4tKNFj9C00giTzYtH8PF1.png,2127,Cyberpunk 2077,UP4497-PPSA03974_00-0000000000000CP1,https://store.playstation.com/en-us/concept/234567
The Elder Scrolls V: Skyrim Special Edition - PS5 & PS4,PlayStation Plus,playstation-plus,Game Catalog,Extra/Premium,PS4 | PS5,2021-11-11T05:00:00Z,true,87,26,111.6,203.8,https://image.api.playstation.com/vulcan/ap/rnd/202009/2818/FuG72QFUf4aRYbSBAMNH2xwm.png,14996,The Elder Scrolls V: Skyrim - Special Edition,UP1003-PPSA03746_00-TESVSKYRIM000000,https://store.playstation.com/en-us/concept/230955
The Elder Scrolls V: Skyrim Special Edition,Xbox Game Pass,xbox-game-pass,Game Catalog,Ultimate/PC/Console,PC | Xbox,,,87,26,111.6,203.8,https://store-images.s-microsoft.com/image/apps.4794.68326442227858632.03782b23-7f26-4a8e-ba87-177bdf2c3c90.b156af1e-9796-48af-8d11-3461727280ea,14996,The Elder Scrolls V: Skyrim - Special Edition,BQ1W1T1FC14W,
Aliens: Dark Descent,Xbox Game Pass,xbox-game-pass,Game Catalog,Ultimate/PC/Console,PC | Xbox,,,76,25.6,32.9,50.1,https://store-images.s-microsoft.com/image/apps.52207.13898888461912760.834aa9dd-7399-4287-8be9-57be8cd1e516.de7deb43-0a06-4856-942f-523a1a4b72f7,110158,Aliens: Dark Descent,9MX7DMHK13SC,
Gears Tactics,Xbox Game Pass,xbox-game-pass,Game Catalog,Ultimate/PC/Console,PC | Xbox,,,74,25.5,33.4,54.9,https://store-images.s-microsoft.com/image/apps.2270.13750744755532010.7748d323-597f-440a-94e4-9c030198efa6.39a3aebc-6a07-4d8a-83e3-597bd117ff7b,57740,Gears Tactics,9NN3HCKW5TPC,
ASTRONEER,PlayStation Plus,playstation-plus,Game Catalog,Extra/Premium,PS4 | PS5,2025-11-20T18:00:00Z,true,74,25.4,51.1,69.5,https://image.api.playstation.com/vulcan/ap/rnd/202306/2101/0367df8de23c764cf34cb0295eedf887da7e751f9ab5a2fd.png,42182,Astroneer,UP2467-PPSA27622_00-ASTRONEER0000000,https://store.playstation.com/en-us/concept/234630
Immortals Fenyx Rising™ PS4 & PS5,PlayStation Plus,playstation-plus,Game Catalog | Ubisoft+ Classics,Extra/Premium,PS4 | PS5,2020-12-03T05:00:00Z,true,76,25.4,41.2,62.1,https://image.api.playstation.com/vulcan/ap/rnd/202008/1916/oI446dT6VOJLqbDDDL0iQxDb.png,68236,Immortals Fenyx Rising,UP0001-PPSA01507_00-GAME000000000000,https://store.playstation.com/en-us/concept/234423
ASTRONEER,Xbox Game Pass,xbox-game-pass,Game Catalog,Ultimate/PC/Console,PC | Xbox,,,74,25.4,51.1,69.5,https://store-images.s-microsoft.com/image/apps.64849.13510798887933723.57e43f19-4066-429e-b1a2-caea56e427b4.860c35a4-ccbf-413e-9574-1c7c8826d6c6,42182,Astroneer,9NBLGGH43KZB,
Immortals Fenyx Rising™,Xbox Game Pass,xbox-game-pass,Game Catalog,Ultimate/PC/Console,PC | Xbox,,,76,25.4,41.2,62.1,https://store-images.s-microsoft.com/image/apps.55065.64682799204913125.f407971c-f15c-4acc-99e1-682aec54019d.a839231d-b5a5-42ed-8874-ec8165d6f165,68236,Immortals Fenyx Rising,C07KJZRH0L7S,
Wo Long: Fallen Dynasty (PS4 & PS5),PlayStation Plus,playstation-plus,Game Catalog,Extra/Premium,PS4 | PS5,2023-03-03T05:00:00Z,true,75,25.3,34.6,47,https://image.api.playstation.com/vulcan/ap/rnd/202210/2609/lgPM04qlLofxYamtlfMfqkHZ.png,109264,Wo Long: Fallen Dynasty,UP4108-PPSA08772_00-WOLONG0000000000,https://store.playstation.com/en-us/concept/10004116
Wo Long: Fallen Dynasty,Xbox Game Pass,xbox-game-pass,Game Catalog,Ultimate/PC/Console,PC | Xbox,,,75,25.3,34.6,47,https://store-images.s-microsoft.com/image/apps.27920.13524128328401524.c8089ad9-5e75-4246-83e8-2dac88f04afd.faaf652e-ff35-46d8-a7d2-cb548ecb56f4,109264,Wo Long: Fallen Dynasty,9N9X9PC8V9CP,
Torment: Tides of Numenera,Xbox Game Pass,xbox-game-pass,Game Catalog,Ultimate/PC/Console,PC | Xbox,,,72,25.2,34.6,48.6,https://store-images.s-microsoft.com/image/apps.60839.69228847133651133.1a071f35-fd99-4884-ae4a-12f55849b9eb.8fd399bb-4620-497a-939c-722938a7b901,10533,Torment: Tides of Numenera,BQND4NQXFFV2,
Death Howl,Xbox Game Pass,xbox-game-pass,Game Catalog,Ultimate/PC/Console,PC | Xbox,,,87,24.8,30.8,36,https://store-images.s-microsoft.com/image/apps.40169.14153289927843166.5079f8ec-a171-48c2-871c-d91520b81fb5.97f2f968-d742-4e2f-b762-e367d207b48b,162332,Death Howl,9PD9SZGNCMDZ,
Car Mechanic Simulator 2021,Xbox Game Pass,xbox-game-pass,Game Catalog,Ultimate/PC/Console,PC | Xbox,,,71,24.7,54.6,107.4,https://store-images.s-microsoft.com/image/apps.38130.13635623008017579.c3c49040-6ffd-4834-b97d-bf656fa40ffa.6544fd7d-ac5e-4a61-98cf-f05e9ff3c106,96762,Car Mechanic Simulator 2021,9NH019ZFFHTV,
Age of Mythology: Retold,Xbox Game Pass,xbox-game-pass,Game Catalog,Ultimate/PC/Console,PC | Xbox,,,79,24.6,33.6,61.9,https://store-images.s-microsoft.com/image/apps.7616.13792255792507479.e5089564-b472-427d-a39f-9e97ae74bf23.d6372352-89ad-4eca-9f2d-3d5e30dc55cb,115181,Age of Mythology: Retold,9NPKGVXPFRSX,
Tom Clancy’s The Division™,PlayStation Plus,playstation-plus,Game Catalog | Ubisoft+ Classics,Extra/Premium,PS4,2016-03-08T05:00:00Z,false,72,24.2,47.8,86.1,https://image.api.playstation.com/cdn/UP0001/CUSA01810_00/vczGPhQbzd4qFQW1Ym9SBRFRrThzKulf.png,20073,Tom Clancy's The Division,UP0001-CUSA01810_00-THEDIVISION00001,https://store.playstation.com/en-us/concept/204941
Tom Clancy’s The Division,Xbox Game Pass,xbox-game-pass,Game Catalog,Ultimate/PC/Console,PC | Xbox,,,72,24.2,47.8,86.1,https://store-images.s-microsoft.com/image/apps.218.69731494251073459.b4784411-abd2-44d3-85f2-ee9462429806.1f53fcad-6a58-4178-9dc4-610e5c931632,20073,Tom Clancy's The Division,BRGPD72KHM3Q,
The Last of Us Part II,PlayStation Plus,playstation-plus,Game Catalog,Extra/Premium,PS4,2020-06-19T04:00:00Z,false,87,24.1,29.5,43.5,https://image.api.playstation.com/vulcan/img/rnd/202010/2618/w48z6bzefZPrRcJHc7L8SO66.png,41753,The Last of Us Part II,UP9000-CUSA07820_00-THELASTOFUSPART2,https://store.playstation.com/en-us/concept/230079
The Last of Us™ Part I,PlayStation Plus,playstation-plus,Game Catalog,Extra/Premium,PS5,2022-09-02T04:00:00Z,true,87,24.1,29.5,43.5,https://image.api.playstation.com/vulcan/ap/rnd/202206/0720/eEczyEMDd2BLa3dtkGJVE9Id.png,41753,The Last of Us Part II,UP9000-PPSA03396_00-THELASTOFUSPART1,https://store.playstation.com/en-us/concept/10002694
Starfield,Xbox Game Pass,xbox-game-pass,Game Catalog,Ultimate/PC/Console,PC | Xbox,,,70,23.8,74.7,148.2,https://store-images.s-microsoft.com/image/apps.1647.13567343664224659.1eb6fdf9-8a0b-4344-a135-ab17dfa3c609.39331391-9de2-48f8-8643-8eb1bd964383,57445,Starfield,9NCJSXWZTP88,
Disco Elysium - The Final Cut,Xbox Game Pass,xbox-game-pass,Game Catalog,Ultimate/PC/Console,PC | Xbox,,,89,23.7,33.1,48.2,https://store-images.s-microsoft.com/image/apps.53190.14408364206805299.40b2a513-7cef-4e75-8752-fd34ccd32aee.afbd72bd-9986-45a3-a043-1dcdb042d0dc,57335,Disco Elysium,9NTRS771L8HL,
MechWarrior 5: Clans,Xbox Game Pass,xbox-game-pass,Game Catalog,Ultimate/PC/Console,PC | Xbox,,,71,23.5,33.9,45.9,https://store-images.s-microsoft.com/image/apps.46778.14143931878007168.03344273-b496-420a-9599-61992eabf325.dcb86ddd-1bcf-415c-94a5-540ae6278911,137939,MechWarrior 5: Clans,9P9FJCK32PMT,
Tom Clancy's Ghost Recon® Breakpoint,PlayStation Plus,playstation-plus,Game Catalog | Ubisoft+ Classics,Extra/Premium,PS4,2019-10-04T04:00:00Z,false,65,23.4,54.3,98.6,https://image.api.playstation.com/vulcan/img/rnd/202109/0713/yde6GT9WPbcAUL1QyqjumHs9.png,67987,Tom Clancy's Ghost Recon Breakpoint,UP0001-CUSA14405_00-GRW2SCEANORMAL00,https://store.playstation.com/en-us/concept/233112
Assassin's Creed IV Black Flag,Xbox Game Pass,xbox-game-pass,Game Catalog,Ultimate/PC/Console,PC | Xbox,,,82,23.4,41.1,61.8,https://store-images.s-microsoft.com/image/apps.27892.69748098540497451.a03a4b64-603b-49b8-8644-4924ac7f3076.4c3bd7f3-03cb-4849-a68c-af72c31dda7d,12707,Assassin's Creed IV: Black Flag,BRKMHZX1RCF2,
Hades,Xbox Game Pass,xbox-game-pass,Game Catalog,Ultimate/PC/Console,PC | Xbox,,,88,23.4,48.5,95.1,https://store-images.s-microsoft.com/image/apps.22093.14093828725404571.e8c4fd85-da7e-4c33-9a85-c97c9f3eeb38.ac9d973d-36f6-4dfa-a73a-8db519fe3d88,62941,Hades,9P8DL6W0JBB8,
Tom Clancy's Ghost Recon Breakpoint,Xbox Game Pass,xbox-game-pass,Game Catalog,Ultimate/PC/Console,PC | Xbox,,,65,23.4,54.3,98.6,https://store-images.s-microsoft.com/image/apps.25183.66828190550422385.fbaf89cf-b3e0-4543-aeba-5f00ca851393.8c014307-2038-4c41-a8c5-8f8dff6568fa,67987,Tom Clancy's Ghost Recon Breakpoint,C3VVNLQQ54F8,
The Last of Us™ Part II Remastered,PlayStation Plus,playstation-plus,Game Catalog,Extra/Premium,PS5,2024-01-19T05:00:00Z,true,87,23,28.5,43.3,https://image.api.playstation.com/vulcan/ap/rnd/202312/0117/315718bce7eed62e3cf3fb02d61b81ff1782d6b6cf850fa4.png,141122,The Last of Us Part II Remastered,UP9000-PPSA10662_00-THELASTOFUSPART2,https://store.playstation.com/en-us/concept/230079
Banishers: Ghosts of New Eden,PlayStation Plus,playstation-plus,Game Catalog,Extra/Premium,PS5,2024-02-13T05:00:00Z,true,76,22.8,45.6,61.6,https://image.api.playstation.com/vulcan/ap/rnd/202306/0615/c8a66a099314ba3d504d226c570e100cd7c6eaf8e936fbdf.png,118229,Banishers: Ghosts of New Eden,UP4133-PPSA10054_00-NEWWORLDGAME0000,https://store.playstation.com/en-us/concept/10006098
Banishers: Ghosts of New Eden,Xbox Game Pass,xbox-game-pass,Game Catalog,Ultimate/PC/Console,PC | Xbox,,,76,22.8,45.6,61.6,https://store-images.s-microsoft.com/image/apps.50676.13657630976058747.9ef5e6b7-85d8-4766-8d40-394c59f5ad8f.4157630c-0a66-4358-b6b3-2907333a8dff,118229,Banishers: Ghosts of New Eden,9NKFS43DLFFL,
Fallout 3,Xbox Game Pass,xbox-game-pass,Game Catalog,Ultimate/PC/Console,PC | Xbox,,,82,22.2,52.3,114,https://store-images.s-microsoft.com/image/apps.38961.65367730044127425.992bf426-3c9a-450f-a792-7946f7138dee.98e9a605-2163-4484-8952-1d8de0909b8f,3340,Fallout 3,C29HQ887KH4B,
The Surge 2,PlayStation Plus,playstation-plus,Game Catalog,Extra/Premium,PS4,2019-09-24T04:00:00Z,false,,22,25.5,37.5,https://image.api.playstation.com/cdn/UP4133/CUSA12564_00/tRg1TkWfRnwwiAlur672iKoDkAbJVkUH.png,67880,The Surge 2,UP4133-CUSA12564_00-0000000THESURGE2,https://store.playstation.com/en-us/concept/232357
The Long Dark PS4 & PS5,PlayStation Plus,playstation-plus,Game Catalog,Extra/Premium,PS4 | PS5,2025-11-11T18:00:00Z,true,73,21.9,54,232.5,https://image.api.playstation.com/vulcan/ap/rnd/202303/3019/745a10e0cce7d70b2c5e87343e41f9a82402094d882ec9b3.png,21471,The Long Dark,UP2982-PPSA30658_00-TLDRKFULLGAMEPS5,https://store.playstation.com/en-us/concept/229391
The Long Dark,Xbox Game Pass,xbox-game-pass,Game Catalog,Ultimate/PC/Console,PC | Xbox,,,73,21.9,54,232.5,https://store-images.s-microsoft.com/image/apps.37790.66934420265726607.97919c5c-edc3-4ec4-a441-ca3d129949d8.7995ba93-aee9-4cf9-a987-c3afddbd4671,21471,The Long Dark,C41ZDFQ82M1G,
Kingdom Two Crowns,Xbox Game Pass,xbox-game-pass,Game Catalog,Ultimate/PC/Console,PC | Xbox,,,77,21.5,29.2,61.7,https://store-images.s-microsoft.com/image/apps.55801.71673052342730938.755a1636-e311-4e76-b788-08cd89fc0781.3fd7fbba-15a2-4102-94bf-4d8c3e6baeae,63099,Kingdom Two Crowns,BWT2GPVWCH2F,
Pacific Drive,PlayStation Plus,playstation-plus,Game Catalog,Extra/Premium,PS5,2024-02-22T05:00:00Z,true,71,21.4,32.1,49.2,https://image.api.playstation.com/vulcan/ap/rnd/202311/0710/516003921755aa5cb8873cb08c22b172141e997a0d5cd075.png,113597,Pacific Drive,UP6850-PPSA10965_00-00000000000PS5US,https://store.playstation.com/en-us/concept/10006288
The Crew® 2 Standard Edition,PlayStation Plus,playstation-plus,Game Catalog | Ubisoft+ Classics,Extra/Premium,PS4,2018-06-29T04:00:00Z,false,,21.4,45.8,78.8,https://image.api.playstation.com/vulcan/ap/rnd/202307/2708/28833b618429cfe5f65d24ea11933ae62e3308ea7d2015be.png,46427,The Crew 2,UP0001-CUSA08600_00-THECREW2SCEA0000,https://store.playstation.com/en-us/concept/227552
Pacific Drive,Xbox Game Pass,xbox-game-pass,Game Catalog,Ultimate/PC/Console,PC | Xbox,,,71,21.4,32.1,49.2,https://store-images.s-microsoft.com/image/apps.30777.14342694787118182.96ac9113-88e6-4c27-822e-b852c773b5cc.9664d48f-5494-4d80-b8a1-253008354cf2,113597,Pacific Drive,9PNKG0WBL61W,
The Crew® 2,Xbox Game Pass,xbox-game-pass,Game Catalog,Ultimate/PC/Console,PC | Xbox,,,,21.4,45.8,78.8,https://store-images.s-microsoft.com/image/apps.9463.70638597071363675.c7ca6c50-a746-4b87-a309-c4317452a9a7.48b88f33-a40e-4e40-a1ad-1d5ba097be87,46427,The Crew 2,BV05F8VT7JJ4,
The Crew Motorfest,PlayStation Plus,playstation-plus,Game Catalog | Ubisoft+ Classics,Extra/Premium,PS4,2023-09-14T04:00:00Z,false,71,21.3,35.3,39.6,https://image.api.playstation.com/vulcan/ap/rnd/202305/2315/607d9ed1ac762c9de33ef73fd09b3431d0b96ef4985ac2fb.png,130044,The Crew Motorfest,UP0001-CUSA26571_00-THECREWORL000000,https://store.playstation.com/en-us/concept/10002313
The Crew Motorfest Cross-Gen Bundle,PlayStation Plus,playstation-plus,Game Catalog | Ubisoft+ Classics,Extra/Premium,PS4 | PS5,2023-09-14T00:00:00Z,true,71,21.3,35.3,39.6,https://image.api.playstation.com/vulcan/ap/rnd/202411/2217/aff7ae0da202d816a5761fd4ce865085320052f46223c770.png,130044,The Crew Motorfest,UP0001-PPSA02838_00-THECREWORL000000,https://store.playstation.com/en-us/concept/10002313
The Crew Motorfest - Xbox One,Xbox Game Pass,xbox-game-pass,Game Catalog,Ultimate/PC/Console,PC | Xbox,,,71,21.3,35.3,39.6,https://store-images.s-microsoft.com/image/apps.11087.14129800763179072.8318e611-9b54-4d4b-8698-d8fc8efc52db.8346f0b4-a7fd-430d-a4e2-be9f3bdbb1a6,130044,The Crew Motorfest,9PB5JN044BHZ,
The Crew Motorfest - Xbox Series X|S,Xbox Game Pass,xbox-game-pass,Game Catalog,Ultimate/PC/Console,PC | Xbox,,,71,21.3,35.3,39.6,https://store-images.s-microsoft.com/image/apps.1191.14417469726522832.9e08deb3-3374-441f-823d-984b36f6485c.5b745d5a-814f-4111-8eb6-2c591ba2438f,130044,The Crew Motorfest,9NTB0ZG811GR,
Nine Sols,Xbox Game Pass,xbox-game-pass,Game Catalog,Ultimate/PC/Console,PC | Xbox,,,86,21.2,26.9,32,https://store-images.s-microsoft.com/image/apps.47834.14000456863863255.e1180b2d-029d-4c02-9385-6ad73421ad63.0b171eb7-36ac-47fc-8d1f-9846d47e1060,107896,Nine Sols,9N3LGKGF3CC2,
Shadowrun: Hong Kong - Extended Edition,Xbox Game Pass,xbox-game-pass,Game Catalog,Ultimate/PC/Console,PC | Xbox,,,77,21.2,42,47.7,https://store-images.s-microsoft.com/image/apps.24618.14057715674749150.d6d6bc42-2e9e-4eb2-a96b-1baf2eaca60b.63cc5402-85b3-4a0a-9919-78cda3d9071c,34410,Shadowrun: Hong Kong - Extended Edition,9N7V5R3VLMJZ,
Forza Horizon 5 Standard Edition,Xbox Game Pass,xbox-game-pass,Game Catalog,Ultimate/PC/Console,PC | Xbox,,,83,21.1,46.1,135.3,https://store-images.s-microsoft.com/image/apps.18975.13718773309227929.bebdcc0e-1ed5-4778-8732-f4ef65a2f445.125d6b3b-492f-4e5f-8037-7ade230c8224,93948,Forza Horizon 5,9NKX70BBCDRN,
Supermarket Simulator,Xbox Game Pass,xbox-game-pass,Game Catalog,Ultimate/PC/Console,PC | Xbox,,,70,20.9,54.5,107.6,https://store-images.s-microsoft.com/image/apps.9754.13763814357241001.e01392b6-0898-4953-8acf-030f03590bbb.2d058aa7-57d0-4163-be4d-0608ccd09296,145804,Supermarket Simulator,9NR0GCBSLDW4,
We Happy Few,Xbox Game Pass,xbox-game-pass,Game Catalog,Ultimate/PC/Console,PC | Xbox,,,64,20.8,40.1,65,https://store-images.s-microsoft.com/image/apps.40710.68143759676978415.617fe4d2-4978-4b4d-9e04-cba4cf86d432.4820a8ef-b0f3-4fcd-ab0a-6a76014c0c3c,27102,We Happy Few,BPR2TBS2KMQJ,
Shadowrun: Dragonfall - Director's Cut,Xbox Game Pass,xbox-game-pass,Game Catalog,Ultimate/PC/Console,PC | Xbox,,,80,20.7,29.5,41.5,https://store-images.s-microsoft.com/image/apps.13822.14266045593708116.bcec8af8-9570-471e-aa75-827739f252f6.a3f2fd69-c499-4cb1-9860-59c5d1d91518,21118,Shadowrun: Dragonfall - Director's Cut,9PKJTP6DTND3,
Stellaris: Console Edition PS5,PlayStation Plus,playstation-plus,Game Catalog,Extra/Premium,PS4 | PS5,2025-11-06T09:00:00Z,true,,20.5,46.5,62.5,https://image.api.playstation.com/vulcan/ap/rnd/202507/2908/01ab7f27291c71c588c21923205b859f14e4ac442e833c77.png,37186,Stellaris,UP4139-PPSA27597_00-STELLARISBASEPS5,https://store.playstation.com/en-us/concept/10013520
UNCHARTED: Legacy of Thieves Collection,PlayStation Plus,playstation-plus,Game Catalog,Extra/Premium,PS5,2022-01-28T05:00:00Z,true,87,20.5,25.4,52.5,https://image.api.playstation.com/vulcan/ap/rnd/202111/2000/gTUWTlvPHzxFJ2JAxtDyI2eS.png,101083,Uncharted: Legacy of Thieves Collection,UP9000-PPSA05389_00-UNCHARTED4R00000,https://store.playstation.com/en-us/concept/205354
FINAL FANTASY II,Xbox Game Pass,xbox-game-pass,Game Catalog,Ultimate/PC/Console,PC | Xbox,,,65,20.5,24.2,24.9,https://store-images.s-microsoft.com/image/apps.1149.14086627234907834.c86030ab-e956-465c-adca-f4a75ba02c31.d412544c-097b-49f6-9c16-a40fc6325db6,3495,Final Fantasy II,9P8S1MN4066K,
STAR WARS Jedi: Survivor™,Xbox Game Pass,xbox-game-pass,Game Catalog,Ultimate/PC/Console,PC | Xbox,,,82,20.4,33.8,55.4,https://store-images.s-microsoft.com/image/apps.62419.14188092651145353.c3919981-fb28-4755-b504-a3b021220351.0a309985-7d9f-40e8-a002-7ece3c5968ae,108358,Star Wars Jedi: Survivor,9PGC82V0DXFS,
TRIALS of MANA,Xbox Game Pass,xbox-game-pass,Game Catalog,Ultimate/PC/Console,PC | Xbox,,,76,20.4,26.7,43.5,https://store-images.s-microsoft.com/image/apps.34753.13622716626834505.51a4c546-2c71-4cf1-810d-52c49148a319.12cbfb9b-74d9-424e-88ad-52e9eaa29e24,68244,Trials of Mana,9NHMR19TS1M0,
The Talos Principle 2,PlayStation Plus,playstation-plus,Game Catalog,Extra/Premium,PS5,2023-11-02T16:00:00Z,true,87,20.2,31.1,37.8,https://image.api.playstation.com/vulcan/ap/rnd/202305/2421/14712498105d05ea2d9ad3cd4d66f55a83b66e9ce3b84bc2.png,129256,The Talos Principle II,UP3643-PPSA05887_00-1978298915551615,https://store.playstation.com/en-us/concept/10004172
The Talos Principle 2,Xbox Game Pass,xbox-game-pass,Game Catalog,Ultimate/PC/Console,PC | Xbox,,,87,20.2,31.1,37.8,https://store-images.s-microsoft.com/image/apps.60555.14060661547709167.55d1ba5e-ee75-4857-8788-25d277f870fa.1510a327-59da-493c-92cf-3c7ebc6ed4c5,129256,The Talos Principle II,9N7P8GVMF6SS,
Avowed Standard Edition,Xbox Game Pass,xbox-game-pass,Game Catalog,Ultimate/PC/Console,PC | Xbox,,,72,20,47.4,68.5,https://store-images.s-microsoft.com/image/apps.40346.13624715126573049.35e3abd5-bd41-4efb-bc2a-0bfbdd50b02a.84157e34-31f1-40b6-849a-e8729c39d4b6,81115,Avowed,9MSVPJCHHRPR,
Watch Dogs 2,PlayStation Plus,playstation-plus,Game Catalog | Ubisoft+ Classics,Extra/Premium,PS4,2016-11-15T05:00:00Z,false,75,19.5,31.8,46.6,https://image.api.playstation.com/cdn/UP0001/CUSA04459_00/qBxvfDJJ9dbavai6xsWOcWaxRDGRb7h0.png,37861,Watch Dogs 2,UP0001-CUSA04459_00-WD2FULLGAME00000,https://store.playstation.com/en-us/concept/216759
Watch Dogs™,PlayStation Plus,playstation-plus,Game Catalog | Ubisoft+ Classics,Extra/Premium,PS4,2014-05-27T04:00:00Z,false,72,19.5,33.2,62.6,https://image.api.playstation.com/vulcan/img/cfn/11307VppO1bgZfez_l4lWR2EjdOWtTKfd17OGDKMBFHO3fjct9kzA_QdZHSbkxImffz4zcTSPFARhvOlU89c528K5tYEdc9Z.png,11101,Watch Dogs,UP0001-CUSA00021_00-WATCHDOGS0000000,https://store.playstation.com/en-us/concept/205264
DRAGON BALL XENOVERSE 2,Xbox Game Pass,xbox-game-pass,Game Catalog,Ultimate/PC/Console,PC | Xbox,,,75,19.5,41.1,101.9,https://store-images.s-microsoft.com/image/apps.62319.63336639312113079.ceb7d6d9-5c03-4721-ab3f-09019902f961.7561068e-671a-45c8-8ec0-f01c0a1ad1d1,40860,Dragon Ball Xenoverse 2,BX03760D0QGN,
The Alters,Xbox Game Pass,xbox-game-pass,Game Catalog,Ultimate/PC/Console,PC | Xbox,,,84,19.5,24.9,49.9,https://store-images.s-microsoft.com/image/apps.55028.13917104365848520.a4bd4730-c578-4118-a439-d16f88dde25a.784ab0ef-3f2d-441b-92df-76a3cddc18ad,109255,The Alters,9N0P25WJHM8C,
Watch Dogs®2,Xbox Game Pass,xbox-game-pass,Game Catalog,Ultimate/PC/Console,PC | Xbox,,,75,19.5,31.8,46.6,https://store-images.s-microsoft.com/image/apps.15364.69997608528322872.06dc9610-5c4e-484e-b028-58ad215e637a.ab2ff32b-6ec5-40b7-9492-471c12708bf0,37861,Watch Dogs 2,BSXLFN5QQZSC,
WATCH_DOGS™,Xbox Game Pass,xbox-game-pass,Game Catalog,Ultimate/PC/Console,PC | Xbox,,,72,19.5,33.2,62.6,https://store-images.s-microsoft.com/image/apps.4761.66583679601418453.329e8674-c508-4106-8a82-e4ebbbda5bd7.0c5fe25d-edb2-4fd3-b65e-bb3e5cef5836,11101,Watch Dogs,C4DMGRPNSHXG,
Assassin's Creed Syndicate,PlayStation Plus,playstation-plus,Game Catalog | Ubisoft+ Classics,Extra/Premium,PS4,2015-10-23T04:00:00Z,false,73,19,33.9,55.8,https://image.api.playstation.com/cdn/EP0001/CUSA02376_00/IK3koKU9jw2vs3b8CF41x9lEcvAIiVpa6z7oGxWvMPHrHnoEbMD53jsGmdiLMP65.png,26706,Assassin's Creed: Syndicate,UP0001-CUSA02389_00-ACVICTORYGAMEPS4,https://store.playstation.com/en-us/concept/212339
Assassin's Creed Syndicate,Xbox Game Pass,xbox-game-pass,Game Catalog,Ultimate/PC/Console,PC | Xbox,,,73,19,33.9,55.8,https://store-images.s-microsoft.com/image/apps.10598.63309362003335928.f979bcb8-9f41-424d-b922-00373875de81.4416b667-2993-4bfd-97f4-33f6bb258bd8,26706,Assassin's Creed: Syndicate,BXVQ8M4J9HNM,
BALL x PIT,PlayStation Plus,playstation-plus,Game Catalog,Extra/Premium,PS5,2025-10-15T16:00:00Z,true,83,18.9,24.2,35.6,https://image.api.playstation.com/vulcan/ap/rnd/202608/0616/83415751927d95046612da39ab5f997a0416087b402220fc.png,169298,BALL x PIT,UP3643-PPSA31872_00-0512776704708419,https://store.playstation.com/en-us/concept/10016190
BALL x PIT,Xbox Game Pass,xbox-game-pass,Game Catalog,Ultimate/PC/Console,PC | Xbox,,,83,18.9,24.2,35.6,https://store-images.s-microsoft.com/image/apps.49009.13835016463632115.666396b5-f6e8-4a0a-ae87-81ee6b77084a.d422168a-035e-42c7-819e-d93987acea85,169298,BALL x PIT,9MWXF3SRD7QN,
Heretic + Hexen,Xbox Game Pass,xbox-game-pass,Game Catalog,Ultimate/PC/Console,PC | Xbox,,,76,18.9,33.5,42.2,https://store-images.s-microsoft.com/image/apps.3496.13568632792554292.fea70ec4-25b5-4014-996b-52c5abc58b71.69e7078c-ec44-4a16-90d2-10509e7f21a6,172189,Heretic + Hexen,9NC7NRD0CM11,
Voidtrain,Xbox Game Pass,xbox-game-pass,Game Catalog,Ultimate/PC/Console,PC | Xbox,,,64,18.9,25.8,26.9,https://store-images.s-microsoft.com/image/apps.43738.13766638199955298.30c51e02-5250-4a92-bce6-4ed56d85cf3c.4927dc7d-1e11-4121-b0b8-ed323f936d86,76619,Voidtrain,9NQMVR9WL9FW,
Eternal Strands,Xbox Game Pass,xbox-game-pass,Game Catalog,Ultimate/PC/Console,PC | Xbox,,,67,18.8,30.3,42.4,https://store-images.s-microsoft.com/image/apps.50233.13736859116442717.a1ffa0ea-8877-44c8-8310-2433a1850d55.18cac95f-0053-46e8-a081-5af79f0599e2,148004,Eternal Strands,9NNKJNRKFT0G,
Viva Piñata,Xbox Game Pass,xbox-game-pass,Game Catalog,Ultimate/PC/Console,PC | Xbox,,,75,18.7,30.6,50.3,https://store-images.s-microsoft.com/image/apps.29891.69993262899909428.0190d6b7-60eb-4d3f-bd16-b44c0e303861.a44fc632-9741-443e-863c-cd2fce2e955b,10976,Viva Piñata,BSXSL6WBJ0V7,
Viva Piñata: TIP,Xbox Game Pass,xbox-game-pass,Game Catalog,Ultimate/PC/Console,PC | Xbox,,,75,18.7,30.6,50.3,https://store-images.s-microsoft.com/image/apps.65381.69467662407886849.eb318d40-1e77-4848-b633-b9ee445d2f63.2bb50256-bcc1-477e-8fd6-4780b64a6cc0,10976,Viva Piñata,BS1NPTPJGD4G,
Star Wars Outlaws,PlayStation Plus,playstation-plus,Game Catalog | Ubisoft+ Classics,Extra/Premium,PS5,2024-08-30T04:00:00Z,true,71,18.4,35.4,68.4,https://image.api.playstation.com/vulcan/ap/rnd/202306/3020/bca42b94af09b7a7ffd27fcb76a7bb1e46b60ed0c5f99322.png,129948,Star Wars Outlaws,UP0001-PPSA08261_00-GAME000000000000,https://store.playstation.com/en-us/concept/10005323
Generation Zero®,Xbox Game Pass,xbox-game-pass,Game Catalog,Ultimate/PC/Console,PC | Xbox,,,59,18.4,46.5,85.2,https://store-images.s-microsoft.com/image/apps.5248.65743914527603622.b98c7b82-aeb0-44e7-8071-19a17867fd8c.23de469b-d409-404e-882b-54f1a741e3d5,64530,Generation Zero,C20WW4W29FQ1,
Star Wars Outlaws,Xbox Game Pass,xbox-game-pass,Game Catalog,Ultimate/PC/Console,PC | Xbox,,,71,18.4,35.4,68.4,https://store-images.s-microsoft.com/image/apps.19000.13711651873119158.1a058dbc-68af-4f81-9ab6-0a2eca979392.77fc140a-9ce6-4710-a4d4-a09acd63a760,129948,Star Wars Outlaws,9NLHVWSFB0FC,
Far Cry 5,PlayStation Plus,playstation-plus,Game Catalog | Ubisoft+ Classics,Extra/Premium,PS4,2018-03-27T04:00:00Z,false,74,18.3,31,47.7,https://image.api.playstation.com/vulcan/ap/rnd/202608/0521/15618b4627bb9e14016484379865574b6caf9041544946c8.png,46093,Far Cry 5,UP0001-CUSA05904_00-FARCRY5GAME00000,https://store.playstation.com/en-us/concept/221692
Far Cry® 5,Xbox Game Pass,xbox-game-pass,Game Catalog,Ultimate/PC/Console,PC | Xbox,,,74,18.3,31,47.7,https://store-images.s-microsoft.com/image/apps.48705.69582963086497758.e1cff2e3-ddf1-42bf-930d-f380ad63f100.1eb992fd-461c-4edd-9e5e-b3fbb7a41044,46093,Far Cry 5,BR7X7MVBBQKM,
Watch Dogs®: Legion PS4 & PS5,PlayStation Plus,playstation-plus,Game Catalog | Ubisoft+ Classics,Extra/Premium,PS4 | PS5,2020-11-12T05:00:00Z,true,65,18.2,33.1,50.2,https://image.api.playstation.com/vulcan/ap/rnd/202007/0217/OX5mEmwgRPeSQrhGFU3n4moZ.png,68237,Watch Dogs: Legion,UP0001-PPSA01487_00-ORWFULLGAME00000,https://store.playstation.com/en-us/concept/232581
Watch Dogs®: Legion,Xbox Game Pass,xbox-game-pass,Game Catalog,Ultimate/PC/Console,PC | Xbox,,,65,18.2,33.1,50.2,https://store-images.s-microsoft.com/image/apps.158.65664549497403424.a741b357-ecc5-4fa6-bfad-4f3a95f27506.1e2e55df-bdf2-4db6-bf18-615b2b33c20a,68237,Watch Dogs: Legion,C1WRX8ZD77M9,
Blue Prince,PlayStation Plus,playstation-plus,Game Catalog,Extra/Premium,PS5,2025-04-10T14:00:00Z,true,82,18.1,35.8,100.4,https://image.api.playstation.com/vulcan/ap/rnd/202502/1222/155cec2bad7676df9a1aa7e96cdd9f363e117c1650a43c34.png,136426,Blue Prince,EP2187-PPSA25009_00-BLUEPRINCE000000,https://store.playstation.com/en-us/concept/10012002
Blue Prince,Xbox Game Pass,xbox-game-pass,Game Catalog,Ultimate/PC/Console,PC | Xbox,,,82,18.1,35.8,100.4,https://store-images.s-microsoft.com/image/apps.24366.14199207619921587.94d12fa7-4aa4-478f-a501-05a046496ce3.1b1ecad8-ee39-40e6-823b-b013e12dc4a3,136426,Blue Prince,9PFRTPRQ569Q,
The Outer Worlds 2,Xbox Game Pass,xbox-game-pass,Game Catalog,Ultimate/PC/Console,PC | Xbox,,,77,18.1,43.3,63.5,https://store-images.s-microsoft.com/image/apps.41744.14086924108488409.5098cc78-dcb3-4bc1-858f-48fa36bb7026.e990bffb-c0f2-4506-b06d-f537efb4b3ee,93946,The Outer Worlds 2,9P8RMKXRML7D,
Super Mega Baseball 3,Xbox Game Pass,xbox-game-pass,Game Catalog,Ultimate/PC/Console,PC | Xbox,,,79,18,32.1,,https://store-images.s-microsoft.com/image/apps.12287.14599945077775327.e0cd052e-78e3-4fb1-b95e-33b5c205fa52.f7fda834-285f-4359-a1d4-924a3b34bcf1,78304,Super Mega Baseball 3,9NP6V9LFVJ87,
Disneyland Adventures,Xbox Game Pass,xbox-game-pass,Game Catalog,Ultimate/PC/Console,PC | Xbox,,,58,17.9,30.3,39,https://store-images.s-microsoft.com/image/apps.38755.14005003576279990.0e4e6d67-22da-40e5-b520-630686e37930.302b7455-6387-4813-8177-5e2844e8b61f,4994,Disneyland Adventures,9N6Z8DQXSQWH,
Wreckfest,Xbox Game Pass,xbox-game-pass,Game Catalog,Ultimate/PC/Console,PC | Xbox,,,76,17.9,25.9,32.7,https://store-images.s-microsoft.com/image/apps.64141.69762792333465121.4086c71f-fab9-4c14-b959-3e77164a74cf.27e4efda-6f6d-4d33-b636-4d6ef45396ea,16136,Wreckfest,BRJNRZ9N734V,
Far Cry® 4,PlayStation Plus,playstation-plus,Game Catalog | Ubisoft+ Classics,Extra/Premium,PS4,2014-11-18T05:00:00Z,false,76,17.8,31.2,46.9,https://image.api.playstation.com/vulcan/img/cfn/113076px2b27B2ofcw5IzONcQEr6vlx2oSWvfJEutr9o7jAcP9vbVFjtbYjYoX2MOkkuepqwRRkk8Krf08MR2BKeTPw-FyY7.png,19310,Far Cry 4,UP0001-CUSA00496_00-FC4GAMEPS4000001,https://store.playstation.com/en-us/concept/201624
Far Cry® 4,Xbox Game Pass,xbox-game-pass,Game Catalog,Ultimate/PC/Console,PC | Xbox,,,76,17.8,31.2,46.9,https://store-images.s-microsoft.com/image/apps.55235.14286944504058611.3e034c1a-7e15-4e7d-b215-ef424d80d5e7.bc99a363-593e-4a06-8120-1df16d612223,19310,Far Cry 4,C0KJ40T9QD86,
Legend of Mana,Xbox Game Pass,xbox-game-pass,Game Catalog,Ultimate/PC/Console,PC | Xbox,,,74,17.7,24.4,44.7,https://store-images.s-microsoft.com/image/apps.16688.14556235508309133.ebb6dc1c-004f-4bb2-8ce7-f545c53b97d2.bab2a1d5-8514-4e62-bcc7-043af5211f78,5230,Legend of Mana,9P2S2QVRB97N,
Trials Rising,PlayStation Plus,playstation-plus,Game Catalog | Ubisoft+ Classics,Extra/Premium,PS4,2019-02-26T05:00:00Z,false,72,17.6,32.6,85.8,https://image.api.playstation.com/cdn/UP0001/CUSA09338_00/5mpTa7QTvDxkqNnNkZKIWq4XZSguXusM.png,65078,Trials Rising,UP0001-CUSA09338_00-TWT0001110001110,https://store.playstation.com/en-us/concept/228851
Trials® Rising,Xbox Game Pass,xbox-game-pass,Game Catalog,Ultimate/PC/Console,PC | Xbox,,,72,17.6,32.6,85.8,https://store-images.s-microsoft.com/image/apps.40541.67833834336852725.359ee4d2-f566-4a2e-91d9-45cec572c8fd.5271b6f9-bc5b-46ae-9b2b-dcdca2c7b6cb,65078,Trials Rising,BP6V6QZBMFP0,
STAR WARS Jedi: Fallen Order™,Xbox Game Pass,xbox-game-pass,Game Catalog,Ultimate/PC/Console,PC | Xbox,,,81,17.3,22.3,31.8,https://store-images.s-microsoft.com/image/apps.52300.65392999590663672.028b6875-f925-4d40-b3a1-e44db3b4fa32.7bcb3d0f-46fc-43ea-84d1-031bd0817da2,60145,Star Wars Jedi: Fallen Order,C2CSDTSCBZ0C,
State of Decay: Year-One,Xbox Game Pass,xbox-game-pass,Game Catalog,Ultimate/PC/Console,PC | Xbox,,,72,17.3,23.9,68.3,https://store-images.s-microsoft.com/image/apps.31742.67259324082967957.a648096d-45eb-44bf-9db2-f3eafcae7d67.38421f9d-32da-418c-9952-23e5f6773260,28182,State of Decay: Year-One,C5JGRR1LFVW8,
Assassin's Creed Unity,PlayStation Plus,playstation-plus,Game Catalog | Ubisoft+ Classics,Extra/Premium,PS4,2014-11-11T05:00:00Z,false,71,17.2,35.3,80.2,https://image.api.playstation.com/cdn/JP0001/CUSA00476_00/D4i7jbElJIQZUXeB5zVnThAbvxitKjLd.png,21269,Assassin's Creed: Unity,UP0001-CUSA00663_00-AC4GAMEPS4000001,https://store.playstation.com/en-us/concept/200088
Marvel’s Spider-Man 2,PlayStation Plus,playstation-plus,Game Catalog,Extra/Premium,PS5,2023-10-20T04:00:00Z,true,85,17.2,23.6,28.5,https://image.api.playstation.com/vulcan/ap/rnd/202306/1219/1c7b75d8ed9271516546560d219ad0b22ee0a263b4537bd8.png,79769,Marvel's Spider-Man 2,UP9000-PPSA03016_00-MARVELSPIDERMAN2,https://store.playstation.com/en-us/concept/10002456
Assassin's Creed Unity,Xbox Game Pass,xbox-game-pass,Game Catalog,Ultimate/PC/Console,PC | Xbox,,,71,17.2,35.3,80.2,https://store-images.s-microsoft.com/image/apps.25352.69296710537599543.9e7afb5a-8195-4e25-bfc8-08e94d687949.97f7b4e8-4633-45c7-bee9-72e9bc415d5e,21269,Assassin's Creed: Unity,BRQH27C9RGXS,
Banjo-Tooie,Xbox Game Pass,xbox-game-pass,Game Catalog,Ultimate/PC/Console,PC | Xbox,,,82,17.1,24,24,https://store-images.s-microsoft.com/image/apps.2699.63435052096425467.cd1eef72-5707-4f2b-807d-ab3c5baf858c.9ebaa8fc-f1bf-49e8-93fd-62833dbb6b26,837,Banjo-Tooie,BX27S00SKW1V,
Like a Dragon: Pirate Yakuza in Hawaii,Xbox Game Pass,xbox-game-pass,Game Catalog,Ultimate/PC/Console,PC | Xbox,,,80,17.1,32.5,43.6,https://store-images.s-microsoft.com/image/apps.2577.14515021988943563.1f3fe501-2a70-4602-ab4f-93c0a60ab77c.c894ce94-91a9-4e3a-993b-80dbdebd2ea8,157123,Like a Dragon: Pirate Yakuza in Hawaii,9P1303FCXW6X,
A Plague Tale: Requiem,Xbox Game Pass,xbox-game-pass,Game Catalog,Ultimate/PC/Console,PC | Xbox,,,83,17,19.6,27.4,https://store-images.s-microsoft.com/image/apps.60562.13537574391772742.e387dd56-e35c-40fb-bc0c-c0c1decef3a1.1de59474-dc66-4ad3-8050-ee622224a589,93945,A Plague Tale: Requiem,9ND0JVB184XL,
Batman™: Arkham Knight,Xbox Game Pass,xbox-game-pass,Game Catalog,Ultimate/PC/Console,PC | Xbox,,,83,17,31.5,51.2,https://store-images.s-microsoft.com/image/apps.50680.69836087516172366.d802940c-fd8a-4174-8a68-e41a2475e1a1.efa1f648-fb98-4078-80cf-06f47811b1fa,18005,Batman: Arkham Knight,BSLX1RNXR6H7,
Prince of Persia The Lost Crown,PlayStation Plus,playstation-plus,Game Catalog | Ubisoft+ Classics,Extra/Premium,PS4 | PS5,2024-01-18T05:00:00Z,true,84,16.7,24.5,31.2,https://image.api.playstation.com/vulcan/ap/rnd/202312/0701/de64753172dca1b06fc9ec1cd4abaeaa7f12ff7ac98f5a19.png,129785,Prince of Persia: The Lost Crown,UP0001-PPSA10067_00-MEMSTDED00000000,https://store.playstation.com/en-us/concept/10005985
Prince of Persia The Lost Crown,Xbox Game Pass,xbox-game-pass,Game Catalog,Ultimate/PC/Console,PC | Xbox,,,84,16.7,24.5,31.2,https://store-images.s-microsoft.com/image/apps.34160.14591039489735684.88f11d51-d109-4301-a716-65d25343b737.eddf01a0-8859-47bc-a5af-fb1aea7020e0,129785,Prince of Persia: The Lost Crown,9P4LSLG7B8CT,
Prey,PlayStation Plus,playstation-plus,Game Catalog,Extra/Premium,PS4,2017-05-05T04:00:00Z,false,83,16.4,27.9,46.6,https://image.api.playstation.com/vulcan/ap/rnd/202009/2902/qsnHdkCM1Zlnue33c5t5skP5.png,44590,Prey,UP1003-CUSA04493_00-PREYPS4FULLGAME1,https://store.playstation.com/en-us/concept/224929
DEATHLOOP,Xbox Game Pass,xbox-game-pass,Game Catalog,Ultimate/PC/Console,PC | Xbox,,,77,16.4,24.5,36.1,https://store-images.s-microsoft.com/image/apps.5858.14634955238674857.649b7ff9-0dfc-4951-9b65-c5d815215da6.90208516-ba3b-47a9-a130-ef94cf860f5b,68258,Deathloop,9P5Z4530318L,
Prey,Xbox Game Pass,xbox-game-pass,Game Catalog,Ultimate/PC/Console,PC | Xbox,,,83,16.4,27.9,46.6,https://store-images.s-microsoft.com/image/apps.11350.69234794984509140.ef3477c5-d6c7-4bd4-b5c7-7664d0e9e1be.56e552ce-a8b5-40eb-ae32-c7cefd77e069,44590,Prey,BQMVWCMB8P59,
Dead Island 2,Xbox Game Pass,xbox-game-pass,Game Catalog,Ultimate/PC/Console,PC | Xbox,,,74,16.2,26.7,39.2,https://store-images.s-microsoft.com/image/apps.11083.66080721822734920.910bec42-dd7c-4bcf-9acb-d97e1b5501f0.dffaaf51-ec0d-43b5-960d-f273fda26bf3,21273,Dead Island 2,C3L4J3H7H12R,
Madden NFL 25 Xbox One,Xbox Game Pass,xbox-game-pass,Game Catalog,Ultimate/PC/Console,PC | Xbox,,,68,16.2,89.5,494.8,https://store-images.s-microsoft.com/image/apps.29289.13715337890066624.4f8c0067-4e62-4b15-bee7-b0865f37a53f.842a5e0f-1fe6-4d7b-a583-ec4b73eebe6c,12653,Madden NFL 25,9NL9QN69HCL7,
Madden NFL 25 Xbox Series X|S,Xbox Game Pass,xbox-game-pass,Game Catalog,Ultimate/PC/Console,PC | Xbox,,,68,16.2,89.5,494.8,https://store-images.s-microsoft.com/image/apps.29289.13921791456696433.7d9f4d57-76cd-411d-8615-f91c745452f2.d8788ec5-ef74-4859-9a52-fa062cc74838,12653,Madden NFL 25,9N0FWWQ94X62,
MASSIVE CHALICE,Xbox Game Pass,xbox-game-pass,Game Catalog,Ultimate/PC/Console,PC | Xbox,,,68,16.2,21.2,26,https://store-images.s-microsoft.com/image/apps.41180.65818491771219437.2f986726-46d6-458a-a9ab-340fd8456308.641eb4a6-b9d8-40e4-a26e-51fde4557160,21704,Massive Chalice,C2484ZR2BWNQ,
State of Decay 2: Juggernaut Edition,Xbox Game Pass,xbox-game-pass,Game Catalog,Ultimate/PC/Console,PC | Xbox,,,71,16.2,32.4,138.9,https://store-images.s-microsoft.com/image/apps.62160.14425140369408817.14846606-f5bc-4fb1-b355-26ef6a25e847.e14fc031-2974-4b66-9f84-16cf8d0807e9,46403,State of Decay 2,9NT4X7P8B9NB,
Assassin's Creed® Mirage,PlayStation Plus,playstation-plus,Game Catalog | Ubisoft+ Classics,Extra/Premium,PS4 | PS5,2023-10-05T00:00:00Z,true,72,16.1,22.9,30.7,https://image.api.playstation.com/vulcan/ap/rnd/202208/1718/phwiQjbJddEg979YucUoP3Vr.png,112983,Assassin's Creed Mirage,UP0001-PPSA07230_00-EDITIONSTANDARD0,https://store.playstation.com/en-us/concept/10004865
Assassin’s Creed® Mirage,Xbox Game Pass,xbox-game-pass,Game Catalog,Ultimate/PC/Console,PC | Xbox,,,72,16.1,22.9,30.7,https://store-images.s-microsoft.com/image/apps.54416.14478378080353577.d9dde1a0-41ed-4026-93ef-d3e32de2f685.bac1bddf-4086-46f9-84ef-b6f4c35db2c3,112983,Assassin's Creed Mirage,9NZCJF5VF1NV,
FINAL FANTASY III,Xbox Game Pass,xbox-game-pass,Game Catalog,Ultimate/PC/Console,PC | Xbox,,,73,16.1,18.4,18.7,https://store-images.s-microsoft.com/image/apps.29023.14451317888346729.aa788569-1cd5-4640-bca3-a53d5278fc18.7d86cffd-8a0c-4e73-a1b5-fd84675e5b6a,94537,Final Fantasy III,9NWDPFPPK30V,
Indiana Jones and the Great Circle,Xbox Game Pass,xbox-game-pass,Game Catalog,Ultimate/PC/Console,PC | Xbox,,,85,16,25.6,39.3,https://store-images.s-microsoft.com/image/apps.475.14050533476382116.9ce9be62-6690-4c40-8e76-7e5af2a256fb.890d72d8-ceb4-4c0d-9653-e9fbcfeb27c7,144234,Indiana Jones and the Great Circle,9N8FQ28Z6QX3,
Wasteland Remastered,Xbox Game Pass,xbox-game-pass,Game Catalog,Ultimate/PC/Console,PC | Xbox,,,55,16,25.7,36.6,https://store-images.s-microsoft.com/image/apps.33255.13650100416089145.e9c63102-735a-40a7-b414-10693b469ff1.9d33c3ba-38af-4676-93e6-282f0280d212,74755,Wasteland Remastered,9NGH1FK0RJGL,
Granblue Fantasy: Relink Standard Edition,PlayStation Plus,playstation-plus,Game Catalog,Extra/Premium,PS4 | PS5,2024-01-29T05:00:00Z,true,81,15.5,32.1,130.6,https://image.api.playstation.com/vulcan/ap/rnd/202308/0711/bd65ba90dac453a151a9a6fc0fd4b0744c414d38cdccb900.png,66500,Granblue Fantasy: Relink,UP5460-PPSA06954_00-GBRELINKDGTLSTD1,https://store.playstation.com/en-us/concept/229066
Banjo Kazooie: N n B,Xbox Game Pass,xbox-game-pass,Game Catalog,Ultimate/PC/Console,PC | Xbox,,,71,15.5,23,35.6,https://store-images.s-microsoft.com/image/apps.34826.71100151761088573.88824642-fc7e-4e99-9b5b-32e26f7c27b9.8a1cccf6-01d0-48c6-bd1a-0d03df399bba,836,Banjo-Kazooie: Nuts & Bolts,BVR64CDJ01FJ,
LEGO® CITY Undercover,PlayStation Plus,playstation-plus,Game Catalog,Extra/Premium,PS4,2017-04-04T04:00:00Z,false,77,15.4,24.5,48.4,https://image.api.playstation.com/vulcan/img/rnd/202111/2322/bKdcrwdYuMPisVDmHXQ6ZDVx.png,5248,LEGO City Undercover,UP1018-CUSA06549_00-LEGOCITYUNDERCOV,https://store.playstation.com/en-us/concept/224875
FINAL FANTASY,Xbox Game Pass,xbox-game-pass,Game Catalog,Ultimate/PC/Console,PC | Xbox,,,72,15.3,17.3,18.3,https://store-images.s-microsoft.com/image/apps.1297.14497225432838110.c9bc6313-59b0-4390-ab1e-e37d38dd231a.a3629331-43b4-4e38-8b8e-4edb20d76f93,3480,Final Fantasy,9P20JCF7BV93,
The Evil Within,Xbox Game Pass,xbox-game-pass,Game Catalog,Ultimate/PC/Console,PC | Xbox,,,75,15.3,20,40.5,https://store-images.s-microsoft.com/image/apps.49736.65523398993639028.2c280ccc-7f03-4d25-8060-07f62a42af2f.f6c60388-390b-428f-8206-af048885200c,9866,The Evil Within,C2M8HBNVPT1T,
PlateUp!,PlayStation Plus,playstation-plus,Game Catalog,Extra/Premium,PS4 | PS5,2024-02-15T05:00:00Z,true,77,15.2,31.9,71.8,https://image.api.playstation.com/vulcan/ap/rnd/202312/1503/5e741eb41252699cefd7fef206925f119715edd0213e1b00.png,112599,PlateUp!,UP5634-PPSA14231_00-0599385207460473,https://store.playstation.com/en-us/concept/10007566
PlateUp!,Xbox Game Pass,xbox-game-pass,Game Catalog,Ultimate/PC/Console,PC | Xbox,,,77,15.2,31.9,71.8,https://store-images.s-microsoft.com/image/apps.6386.14557765520174668.1718d940-8154-42aa-b7e5-83e812dac193.d16628c9-c059-4d00-8535-63d2cfe4a1a5,112599,PlateUp!,9P2HHT3VS7MP,
Psychonauts 2,Xbox Game Pass,xbox-game-pass,Game Catalog,Ultimate/PC/Console,PC | Xbox,,,86,15.1,19.6,26.5,https://store-images.s-microsoft.com/image/apps.17302.13578175979543723.424401c3-5602-4e35-abfc-c00f9156296a.e6d1e593-0006-4b73-886e-dd37b6626198,61442,Psychonauts 2,9NBR2VXT87SJ,
Far Cry® Primal,PlayStation Plus,playstation-plus,Game Catalog | Ubisoft+ Classics,Extra/Premium,PS4,2016-02-23T05:00:00Z,false,72,15,23.6,36.5,https://image.api.playstation.com/cdn/UP0001/CUSA03352_00/p9lmc2zeJep3hCDkXOlrGjkeEEr8rOhB.png,31054,Far Cry Primal,UP0001-CUSA03352_00-PRIMALGAME000001,https://store.playstation.com/en-us/concept/201634
Metro Exodus,PlayStation Plus,playstation-plus,Game Catalog,Extra/Premium,PS4 | PS5,2021-06-18T00:00:00Z,true,,15,22.5,35.5,https://image.api.playstation.com/vulcan/img/rnd/202010/2814/jhNIE3yH1SNEe9CmxTVHAdme.png,46401,Metro Exodus,UP2047-PPSA02395_00-METROEXODUS0GEN9,https://store.playstation.com/en-us/concept/231769
FAR CRY PRIMAL,Xbox Game Pass,xbox-game-pass,Game Catalog,Ultimate/PC/Console,PC | Xbox,,,72,15,23.6,36.5,https://store-images.s-microsoft.com/image/apps.25630.14079505688681780.9ec50825-311f-45ea-ad4f-9e9011ea0aaa.70f7c390-2be9-43c4-962a-55e15573039b,31054,Far Cry Primal,BV6BRSLFJW3W,
Vampire Survivors,PlayStation Plus,playstation-plus,Game Catalog,Extra/Premium,PS4 | PS5,2024-08-29T11:00:00Z,true,82,14.9,28.1,52.6,https://image.api.playstation.com/vulcan/ap/rnd/202404/1109/a331284fd9dc56ec526e49afd7ee41d7aafa697e947816cf.png,102750,Vampire Survivors,EB0324-PPSA21703_00-0027916840515656,https://store.playstation.com/en-us/concept/10010458
Pentiment,Xbox Game Pass,xbox-game-pass,Game Catalog,Ultimate/PC/Console,PC | Xbox,,,84,14.9,19.3,25.7,https://store-images.s-microsoft.com/image/apps.25502.14431229486160986.b3655366-4704-41dd-bb1b-0ea3f2425df6.c8722871-999c-4dac-8691-5a97e501dcec,109237,Pentiment,9NX6K9HN4F4K,
Vampire Survivors,Xbox Game Pass,xbox-game-pass,Game Catalog,Ultimate/PC/Console,PC | Xbox,,,82,14.9,28.1,52.6,https://store-images.s-microsoft.com/image/apps.60062.14160661575041057.92e444db-ebb1-4665-8e17-3322a7fae71d.e4e983fc-203e-4894-87ac-a7cd35993538,102750,Vampire Survivors,9PD5BM2Z8C4L,
Assassin's Creed III: Remastered,PlayStation Plus,playstation-plus,Game Catalog | Ubisoft+ Classics,Extra/Premium,PS4,2019-03-29T04:00:00Z,false,70,14.7,30.1,56.6,https://image.api.playstation.com/cdn/UP0001/CUSA11711_00/RG8gI6washJkOph8QGTweK5DJZe7WvnB.png,65940,Assassin's Creed III: Remastered,UP0001-CUSA11711_00-AC3GAMEPS4000001,https://store.playstation.com/en-us/concept/231856
Assassin's Creed® III Remastered,Xbox Game Pass,xbox-game-pass,Game Catalog,Ultimate/PC/Console,PC | Xbox,,,70,14.7,30.1,56.6,https://store-images.s-microsoft.com/image/apps.27404.68640107179785665.3ff3e830-efb8-42c5-aa55-9b33b3a8192c.c7016465-2019-4673-814b-674e4cce4a12,65940,Assassin's Creed III: Remastered,BPMJ413V6BB2,
F1® 24,Xbox Game Pass,xbox-game-pass,Game Catalog,Ultimate/PC/Console,PC | Xbox,,,79,14.7,27.3,59.2,https://store-images.s-microsoft.com/image/apps.16068.14309904834888333.ae73f2e0-1ce2-4244-89ea-266904a2c24f.40d4bf58-4f4a-4fcf-86a5-56497cdbafe9,146246,F1 24,9PLVVTDHS1P0,
MIO: Memories in Orbit,Xbox Game Pass,xbox-game-pass,Game Catalog,Ultimate/PC/Console,PC | Xbox,,,77,14.7,22.2,27.6,https://store-images.s-microsoft.com/image/apps.16507.13723335579611778.7eddaa57-cef9-4feb-a795-53abfb3c19e7.123c6f66-229a-45ce-8567-c74eb639c6cd,152380,MIO: Memories in Orbit,9NP86K57SQM3,
DOOM Eternal Standard Edition,PlayStation Plus,playstation-plus,Game Catalog,Extra/Premium,PS5 | PS4,2021-06-29T13:00:00Z,true,86,14.4,20.6,29.4,https://image.api.playstation.com/vulcan/ap/rnd/202010/0114/ERNPc4gFqeRDG1tYQIfOKQtM.png,57506,Doom Eternal,UP1003-PPSA01981_00-DOOMETERNALBUNDL,https://store.playstation.com/en-us/concept/232624
DOOM Eternal Standard Edition,Xbox Game Pass,xbox-game-pass,Game Catalog,Ultimate/PC/Console,PC | Xbox,,,86,14.4,20.6,29.4,https://store-images.s-microsoft.com/image/apps.447.14607483449828807.1bf8995c-7221-490e-a6d4-8718054337ce.45c5c13d-7a5c-4a3d-8b78-8db811dad69d,57506,Doom Eternal,9P5S26314HWQ,
Grounded 2 (Game Preview),Xbox Game Pass,xbox-game-pass,Game Catalog,Ultimate/PC/Console,PC | Xbox,,,76,14.4,27.8,37.9,https://store-images.s-microsoft.com/image/apps.38489.14609679373210979.beb28026-7f6b-4b1f-b526-43d0d04b269b.8145fbfb-2a62-47c8-8aac-a0582d8eaed7,169409,Grounded 2,9P77PG7DK0W2,
Trailmakers,Xbox Game Pass,xbox-game-pass,Game Catalog,Ultimate/PC/Console,PC | Xbox,,,71,14.4,29.1,62.3,https://store-images.s-microsoft.com/image/apps.36330.14364758607471359.5497a0ed-4b70-4e20-ac65-ae6509b7e4e7.2a0a6dcc-1da1-4b74-94b5-04d22d21d0ab,56055,Trailmakers,9NSFGM8J6MBJ,
DOOM: The Dark Ages,Xbox Game Pass,xbox-game-pass,Game Catalog,Ultimate/PC/Console,PC | Xbox,,,82,14.2,19.3,24.5,https://store-images.s-microsoft.com/image/apps.1369.14239344665439398.f72b7e9e-0a95-4e76-b1e3-8989c4d70e2e.b3c057a4-8d69-420d-8d02-9c28587dac55,151986,Doom: The Dark Ages,9PH9X0760B0T,
The Bard's Tale ARPG : Remastered and Resnarkled,Xbox Game Pass,xbox-game-pass,Game Catalog,Ultimate/PC/Console,PC | Xbox,,,69,14.2,18.9,28.3,https://store-images.s-microsoft.com/image/apps.44758.14351919773829236.17768c0e-ff0d-4fe7-86a5-a0cdd0bfe3a6.697c7bb1-b26f-4759-a90b-d2dbac5e5b2e,9772,The Bard's Tale,9PN3VDFTB5HZ,
Zoo Tycoon: Ultimate Animal Collection,Xbox Game Pass,xbox-game-pass,Game Catalog,Ultimate/PC/Console,PC | Xbox,,,63,14.2,18.1,78,https://store-images.s-microsoft.com/image/apps.62724.14226270511206590.448f16df-2989-4b0e-baf3-2fba454ba5a8.6ffe63bf-d2e2-488e-adc6-729cbabf0c34,52069,Zoo Tycoon: Ultimate Animal Collection,9PJ06TZX4NMH,
Moonlighter,PlayStation Plus,playstation-plus,Game Catalog,Extra/Premium,PS4,2018-05-29T04:00:00Z,false,73,14.1,20.6,29.7,https://image.api.playstation.com/cdn/UP4361/CUSA10164_00/fE0mNp0f0r1TKB702S77IMzMLYgzuGEd.png,56787,Moonlighter,UP4361-CUSA10164_00-0000000000000001,https://store.playstation.com/en-us/concept/229817
Moonlighter,Xbox Game Pass,xbox-game-pass,Game Catalog,Ultimate/PC/Console,PC | Xbox,,,73,14.1,20.6,29.7,https://store-images.s-microsoft.com/image/apps.23038.14078999020725962.ddb83977-3b2d-4498-aa21-0a1bdeb1cddc.b1c79423-8a23-4943-804b-c5333d258492,56787,Moonlighter,9P8XJRLCLH2P,
Police Simulator: Patrol Officers,PlayStation Plus,playstation-plus,Game Catalog,Extra/Premium,PS4 | PS5,2022-11-10T05:00:00Z,true,56,13.7,20.4,22.4,https://image.api.playstation.com/vulcan/ap/rnd/202207/0408/fe8jiL5pHOLyF8DbRrJXOlYE.png,96090,Police Simulator: Patrol Officers,UP2565-PPSA05830_00-6357358955359147,https://store.playstation.com/en-us/concept/10000663
Wizard with a Gun,PlayStation Plus,playstation-plus,Game Catalog,Extra/Premium,PS5,2023-10-17T16:00:00Z,true,63,13.7,19.7,26.9,https://image.api.playstation.com/vulcan/ap/rnd/202405/1318/134353dc3a941edb1087c2fa100e0df3c8918cd512abb16b.png,94912,Wizard with a Gun,UP3643-PPSA06416_00-7992194873723757,https://store.playstation.com/en-us/concept/10004448
Police Simulator: Patrol Officers,Xbox Game Pass,xbox-game-pass,Game Catalog,Ultimate/PC/Console,PC | Xbox,,,56,13.7,20.4,22.4,https://store-images.s-microsoft.com/image/apps.17215.14523320294659833.0e9cb134-00a8-4d23-9793-93834d8d61ef.369317a5-4d5d-4ffb-8f6a-0cb7e56fed25,96090,Police Simulator: Patrol Officers,9P0NPLQ9P1DB,
Trackmania Turbo,PlayStation Plus,playstation-plus,Game Catalog | Ubisoft+ Classics,Extra/Premium,PS4,2016-03-22T04:00:00Z,false,72,13.6,35.2,130,https://image.api.playstation.com/cdn/UP0001/CUSA03008_00/alPSBD6kuHJkBlVJ4qIs0FiBJRyZIkMY.png,35764,TrackMania Turbo,UP0001-CUSA03008_00-TRACKMANIA001000,https://store.playstation.com/en-us/concept/205023
Trackmania® Turbo,Xbox Game Pass,xbox-game-pass,Game Catalog,Ultimate/PC/Console,PC | Xbox,,,72,13.6,35.2,130,https://store-images.s-microsoft.com/image/apps.57658.66795167581690331.6243694a-51d8-4e47-a669-9f75a7a2ae49.da825781-b6ff-422d-aa37-a3421589752c,35764,TrackMania Turbo,C3SQQG5Q6Z64,
Children of Morta,PlayStation Plus,playstation-plus,Game Catalog,Extra/Premium,PS4,2019-10-15T04:00:00Z,false,,13.5,17,27.5,https://image.api.playstation.com/vulcan/img/cfn/11307Opvs3MLSa4aK-Vx1FtQjjM1e9FLuGZHST8x5pHchMv0U6nU92iMYlccjkXg3PaDHsQvniJmdj3VOE_C7tsrcSYm0JmD.png,22534,Children of Morta,UP4361-CUSA10862_00-CHILDRENOFMORTA0,https://store.playstation.com/en-us/concept/231069
Tom Clancy’s Rainbow Six® Extraction PS4 & PS5,PlayStation Plus,playstation-plus,Game Catalog | Ubisoft+ Classics,Extra/Premium,PS4 | PS5,2022-01-20T05:00:00Z,true,65,13.5,47.5,61.2,https://image.api.playstation.com/vulcan/ap/rnd/202105/1919/TQPQtelumFuvM4njKGjgJHQP.png,68213,Tom Clancy's Rainbow Six Extraction,UP0001-PPSA01518_00-STANDARDEDITION0,https://store.playstation.com/en-us/concept/233592
Tom Clancy’s Rainbow Six® Extraction,Xbox Game Pass,xbox-game-pass,Game Catalog,Ultimate/PC/Console,PC | Xbox,,,65,13.5,47.5,61.2,https://store-images.s-microsoft.com/image/apps.12410.63231504676176196.fce3b959-5f54-4aad-a199-00e19cf052ba.c309e2ab-1f04-4a32-8afc-381df080bb57,68213,Tom Clancy's Rainbow Six Extraction,BXRB4ZH2GJHK,
Fable III,Xbox Game Pass,xbox-game-pass,Game Catalog,Ultimate/PC/Console,PC | Xbox,,,69,13.4,25.7,46.9,https://store-images.s-microsoft.com/image/apps.49206.68952782261614407.207517f2-cff8-4d40-84e1-b44139d6e70b.77a300c7-676b-4530-ae94-7438be18bd8e,3316,Fable III,BR46KM4D5B9L,
The Evil Within 2,PlayStation Plus,playstation-plus,Game Catalog,Extra/Premium,PS4,2017-10-13T04:00:00Z,false,80,13.3,18.5,28.2,https://image.api.playstation.com/vulcan/ap/rnd/202010/0100/iLBYSuHyeGG5CVXTkSm4MKTo.png,46568,The Evil Within 2,UP1003-CUSA06166_00-PRJGDN0000000000,https://store.playstation.com/en-us/concept/228861
Fable Anniversary,Xbox Game Pass,xbox-game-pass,Game Catalog,Ultimate/PC/Console,PC | Xbox,,,77,13.3,20.6,32.2,https://store-images.s-microsoft.com/image/apps.44376.66175927222580475.7f09fde8-a46b-4c45-8584-a5e3090f8190.12d67f03-4a2b-4967-982a-9980a185e1b1,16586,Fable Anniversary,C2Q32JM0BPZL,
The Evil Within® 2,Xbox Game Pass,xbox-game-pass,Game Catalog,Ultimate/PC/Console,PC | Xbox,,,80,13.3,18.5,28.2,https://store-images.s-microsoft.com/image/apps.54557.66902085872217864.df676289-5ef8-4c7c-8533-965928392024.79369858-479b-4542-991a-cfffd2af454b,46568,The Evil Within 2,C40860J5R2MP,
The Outer Worlds,Xbox Game Pass,xbox-game-pass,Game Catalog,Ultimate/PC/Console,PC | Xbox,,,76,13.3,26.6,40.6,https://store-images.s-microsoft.com/image/apps.41558.71127714305215144.dfbe21c8-4e10-4861-b737-47393066d41d.a5829bf5-54b9-4e0f-b7a3-3772539dd491,62935,The Outer Worlds,BVTKN6CQ8W5F,
Fable II,Xbox Game Pass,xbox-game-pass,Game Catalog,Ultimate/PC/Console,PC | Xbox,,,77,13.2,23.7,51.3,https://store-images.s-microsoft.com/image/apps.12706.66274487452813675.86971dec-0f03-42bb-b657-322859f064f4.5b8be489-c377-4439-a4a5-5564da9a165b,3314,Fable II,C2WKJJ9F5936,
House Flipper,Xbox Game Pass,xbox-game-pass,Game Catalog,Ultimate/PC/Console,PC | Xbox,,,71,13.2,27.8,48.6,https://store-images.s-microsoft.com/image/apps.46741.13518543789452586.33e180bb-4f0b-4a39-b1c8-cde6206c1eb3.63c679bb-4c3c-42c4-81bf-e3b3666a61b6,56524,House Flipper,9NBFGKQLMV33,
REMATCH,Xbox Game Pass,xbox-game-pass,Game Catalog,Ultimate/PC/Console,PC | Xbox,,,72,13.2,30.8,48.6,https://store-images.s-microsoft.com/image/apps.10507.14036668029170653.4554f7c2-4515-49d2-8ebb-f9d385d870e2.0252f76e-c2dd-4a4d-aa5d-51556a6baafd,160620,REMATCH,9N5K7HWXL4Q6,
Dead Cells (PS4® & PS5®),PlayStation Plus,playstation-plus,Game Catalog,Extra/Premium,PS4 | PS5,2023-06-29T17:00:00Z,true,,13,26,84.5,https://image.api.playstation.com/cdn/UP4016/CUSA11253_00/ZB7o35lDBOMRJ5ErVtx9OUJP88jSmC2R.png,45727,Dead Cells,UP4016-PPSA15552_00-DEADCELLSPS5SIEA,https://store.playstation.com/en-us/concept/231053
BlazBlue Entropy Effect X,Xbox Game Pass,xbox-game-pass,Game Catalog,Ultimate/PC/Console,PC | Xbox,,,79,13,22.5,58.1,https://store-images.s-microsoft.com/image/apps.61096.14044995170568579.c13577be-3cd6-4656-8a1f-1a197178694d.8425a7aa-58ec-4d66-9344-e936e173a50c,130138,Blazblue: Entropy Effect,9N8H4RRSRV2S,
Control,Xbox Game Pass,xbox-game-pass,Game Catalog,Ultimate/PC/Console,PC | Xbox,,,82,12.8,25.3,38.8,https://store-images.s-microsoft.com/image/apps.12883.64090029807136264.88ddb0db-cfad-423c-bb52-c5b649930fb1.d18863ca-36c5-49ab-9877-af99ddf348e5,82054,Control: Ultimate Edition,BZ6W9LRPC26W,
Control Ultimate Edition - Xbox Series X|S,Xbox Game Pass,xbox-game-pass,Game Catalog,Ultimate/PC/Console,PC | Xbox,,,82,12.8,25.3,38.8,https://store-images.s-microsoft.com/image/apps.34632.14595226950892239.a8daf266-2756-4f3f-9606-6b7b7cef7920.17860f0c-69ad-4188-8295-0f360ba2a294,82054,Control: Ultimate Edition,9P4D0K92BM7V,
Inscryption,Xbox Game Pass,xbox-game-pass,Game Catalog,Ultimate/PC/Console,PC | Xbox,,,86,12.8,15.6,30.6,https://store-images.s-microsoft.com/image/apps.61089.14084380653642072.5b7362f4-7943-463e-aa3b-fca7f77fd749.39b7be9b-bcbb-456e-8ace-fdf7b963ec5e,91622,Inscryption,9P8NSTDMZ11P,
Lost in Random™,Xbox Game Pass,xbox-game-pass,Game Catalog,Ultimate/PC/Console,PC | Xbox,,,75,12.7,16.4,17.8,https://store-images.s-microsoft.com/image/apps.57092.14393276044279732.41dd1f17-b490-46da-821f-ee63792ed90a.860d6901-f703-4d9c-89d7-240528cd607a,71958,Lost in Random,9NVRJS95FLM9,
Dishonored 2,PlayStation Plus,playstation-plus,Game Catalog,Extra/Premium,PS4,2016-11-11T05:00:00Z,false,82,12.6,22.8,46.2,https://image.api.playstation.com/vulcan/ap/rnd/202009/2918/1UfdyQmXpeSdoFE104sNkLd4.png,26731,Dishonored 2,UP1003-CUSA03642_00-DISHONORED2NAMER,https://store.playstation.com/en-us/concept/201017
Dishonored 2,Xbox Game Pass,xbox-game-pass,Game Catalog,Ultimate/PC/Console,PC | Xbox,,,82,12.6,22.8,46.2,https://store-images.s-microsoft.com/image/apps.10911.70043444627144466.07c9aa2e-cabd-4198-941b-534a009f5e9b.cf528c6d-d4d8-4c06-ab21-dafe846ff6ac,26731,Dishonored 2,BSZM480TSWGP,
The Walking Dead: The Complete First Season,Xbox Game Pass,xbox-game-pass,Game Catalog,Ultimate/PC/Console,PC | Xbox,,,87,12.5,14,14.6,https://store-images.s-microsoft.com/image/apps.64194.71901737879009236.c4798d79-4139-4e57-bb07-d252b6ca567c.10c48ea9-4aa3-4672-b9f7-ac8087d4526f,10250,The Walking Dead - A Telltale Games Series,BW6B077FCH11,
Crime Scene Cleaner,Xbox Game Pass,xbox-game-pass,Game Catalog,Ultimate/PC/Console,PC | Xbox,,,80,12.3,13.8,17.6,https://store-images.s-microsoft.com/image/apps.32740.13641013102004887.bf107aae-94c4-457f-a84e-5bd21f71f809.80e7a185-2d8a-425a-909f-3f55bb00bdac,138513,Crime Scene Cleaner,9NGZ1M3N98P2,
Redfall,Xbox Game Pass,xbox-game-pass,Game Catalog,Ultimate/PC/Console,PC | Xbox,,,45,12.3,19.7,30.8,https://store-images.s-microsoft.com/image/apps.5939.14091188428798620.2f105d2c-1b7f-4fd0-b12e-5483087f47d1.57847b73-9461-4b45-b70e-8cb1e89da909,93950,Redfall,9P8JRMWRQP4H,
TUNIC,Xbox Game Pass,xbox-game-pass,Game Catalog,Ultimate/PC/Console,PC | Xbox,,,84,12.3,16.6,21.7,https://store-images.s-microsoft.com/image/apps.5223.13702044937897358.8701ab78-da18-4c36-8c1e-3d4e6dfd60c9.31c8ed6f-acf1-4cf2-9863-640fe319abc3,52546,Tunic,9NLRT31Z4RWM,
Dishonored® Definitive Edition,PlayStation Plus,playstation-plus,Classics Catalog,Premium,PS4,2015-08-25T04:00:00Z,false,84,12.2,22,46.9,https://image.api.playstation.com/vulcan/ap/rnd/202009/2915/QuZ0uTTjDv0mnib4OUffTNxI.png,22849,Dishonored: Definitive Edition,UP1003-CUSA02218_00-DISHONOREDGAMENA,https://store.playstation.com/en-us/concept/228538
Dishonored® Definitive Edition,Xbox Game Pass,xbox-game-pass,Game Catalog,Ultimate/PC/Console,PC | Xbox,,,84,12.2,22,46.9,https://store-images.s-microsoft.com/image/apps.59694.65371894126242138.81c958b9-c96e-47c6-81fa-93c549ea1a80.2a213c60-376c-4924-add8-4429c6ef6357,22849,Dishonored: Definitive Edition,C299QVC2BSJF,
Firefighting Simulator - The Squad,Xbox Game Pass,xbox-game-pass,Game Catalog,Ultimate/PC/Console,PC | Xbox,,,58,12.2,18,32,https://store-images.s-microsoft.com/image/apps.36834.13574093128038227.7f017f9d-a7e7-46d3-ac09-ad5cece1a687.e9f79767-126c-43b3-8f1b-8f1a1a8f91f4,85410,Firefighting Simulator - The Squad,9NBZ7Z3JRXQ8,
ReCore,Xbox Game Pass,xbox-game-pass,Game Catalog,Ultimate/PC/Console,PC | Xbox,,,62,12.2,18.4,36.3,https://store-images.s-microsoft.com/image/apps.34726.13510798886186651.76cfa366-2ebc-44ea-984f-6bf954e4c742.3a35291d-d9c2-451a-ab83-e043aba71471,26789,ReCore,9NBLGGH1Z6FQ,
Dead Space,Xbox Game Pass,xbox-game-pass,Game Catalog,Ultimate/PC/Console,PC | Xbox,,,84,12.1,16.1,29.6,https://store-images.s-microsoft.com/image/apps.48189.13710698285394664.b69d40fa-3b9c-47c8-b252-b52cae59523c.cc9856d8-7a26-4f3c-b994-e655551b56bf,95927,Dead Space,9NLB6V0GNC9P,
Dead Space (2008),Xbox Game Pass,xbox-game-pass,Game Catalog,Ultimate/PC/Console,PC | Xbox,,,84,12.1,16.1,29.6,https://store-images.s-microsoft.com/image/apps.9607.69768431406041041.e1386476-b377-413b-9457-1f5559dbb168.345050eb-2861-4fc1-9bdb-e7dcc7965eea,95927,Dead Space,BRJLJ6RPLQTJ,
Destiny 2: Legacy Collection (2025),PlayStation Plus,playstation-plus,Game Catalog,Extra/Premium,PS4 | PS5,2025-07-15T17:00:00Z,false,,12,29,120,https://image.api.playstation.com/vulcan/ap/rnd/202506/2417/c63bbb3ea806a218d762730735b519f7a83e04cb134d939c.png,43894,Destiny 2,UP0002-PPSA02409_00-D2Y8LEGACYBDL001,https://store.playstation.com/en-us/concept/221852
STEEP,PlayStation Plus,playstation-plus,Game Catalog | Ubisoft+ Classics,Extra/Premium,PS4,2016-12-02T05:00:00Z,false,70,12,24.3,38.1,https://image.api.playstation.com/cdn/UP0001/CUSA05489_00/53GCPGBH6JqsXAVQkhfbpD7Fs9oPcfEH.png,38010,Steep,UP0001-CUSA05489_00-STEEPSCEA0000000,https://store.playstation.com/en-us/concept/221765
DOOM + DOOM II,Xbox Game Pass,xbox-game-pass,Game Catalog,Ultimate/PC/Console,PC | Xbox,,,82,12,24.1,40.1,https://store-images.s-microsoft.com/image/apps.65308.14594598903877048.bbb5dc7a-5386-4439-89d6-a5136ac0725b.eea5c189-9a6c-4a48-bb66-6965091e5968,155106,DOOM + DOOM II,9P46M5JQ2PTF,
Ori and the Will of the Wisps,Xbox Game Pass,xbox-game-pass,Game Catalog,Ultimate/PC/Console,PC | Xbox,,,89,12,15.6,18.3,https://store-images.s-microsoft.com/image/apps.37519.14047496556148589.9fda5cef-7995-4dbb-a626-66d2ab3feb4f.c81b9aaa-f139-44ac-b9ca-0aa0dd0cbffb,46428,Ori and the Will of the Wisps,9N8CD0XZKLP4,
Psychonauts,Xbox Game Pass,xbox-game-pass,Game Catalog,Ultimate/PC/Console,PC | Xbox,,,82,12,15.3,21.6,https://store-images.s-microsoft.com/image/apps.18666.67203256484290113.fa47f972-08bc-4a6e-a86b-1114b30416e6.4bca37aa-490d-47c6-9385-dd7618a5c6eb,7372,Psychonauts,C5HHPG1TXDNG,
STEEP,Xbox Game Pass,xbox-game-pass,Game Catalog,Ultimate/PC/Console,PC | Xbox,,,70,12,24.3,38.1,https://store-images.s-microsoft.com/image/apps.22662.66413836855496638.93b02bdd-ae92-406f-bbed-442e800bb4ce.798cfea3-fe20-4ba4-aece-1b23700792d0,38010,Steep,C350VBGGCL6P,
Granblue Fantasy Versus: Rising Standard Edition,PlayStation Plus,playstation-plus,Game Catalog,Extra/Premium,PS4 | PS5,2023-12-14T05:00:00Z,true,79,11.9,15.4,,https://image.api.playstation.com/vulcan/ap/rnd/202310/2405/6fb52d6e5d2d98748dfc2443848532457c7db13925333533.png,129687,Granblue Fantasy Versus: Rising,UP5460-PPSA16602_00-GBVSRSTD00000001,https://store.playstation.com/en-us/concept/10007911
RoboCop: Rogue City,Xbox Game Pass,xbox-game-pass,Game Catalog,Ultimate/PC/Console,PC | Xbox,,,75,11.9,15.3,16.9,https://store-images.s-microsoft.com/image/apps.21215.14264121933111165.18ce11d9-27ff-4812-97a9-53625c3634eb.487b9611-9f35-4b02-a3f0-05b546dd0fbd,110262,RoboCop: Rogue City,9PKF2LDFPXTN,
ZOMBI,PlayStation Plus,playstation-plus,Game Catalog | Ubisoft+ Classics,Extra/Premium,PS4,2015-08-18T00:00:00Z,false,67,11.7,14.8,20.7,https://image.api.playstation.com/cdn/UP0001/CUSA01886_00/nxNvaH7tx8E8ql91J0TP1etKqWUbVzxk.png,11583,Zombi,UP0001-CUSA01886_00-ZUNEXTPS4PORT001,https://store.playstation.com/en-us/concept/205514
Zombie Army 4: Dead War,PlayStation Plus,playstation-plus,Game Catalog,Extra/Premium,PS4,2020-02-04T05:00:00Z,false,71,11.7,18.5,55.5,https://image.api.playstation.com/vulcan/img/cfn/113078WW5dc2q094F9WZfTVTLY1jjR7PsFwhOqi9g7pxLCN4of8pxlq-X7gKL2NJDEy-CFXUMeboQL1zE0CHoSArZTM8vlmQ.png,74558,Zombie Army 4: Dead War,UP4363-CUSA12583_00-ZOMBIEARMY400000,https://store.playstation.com/en-us/concept/232371
Banjo-Kazooie,Xbox Game Pass,xbox-game-pass,Game Catalog,Ultimate/PC/Console,PC | Xbox,,,85,11.7,14.1,14.6,https://store-images.s-microsoft.com/image/apps.58897.70306648669442933.0ad02883-9547-43ed-a595-2a807684ce15.fa8d898f-1097-46fa-b35d-22ceefda2a7a,834,Banjo-Kazooie,BSJG7TTSWVJ2,
ZOMBI,Xbox Game Pass,xbox-game-pass,Game Catalog,Ultimate/PC/Console,PC | Xbox,,,67,11.7,14.8,20.7,https://store-images.s-microsoft.com/image/apps.57528.68822110586088769.01809b29-a049-4674-9458-ee60f902269d.cecb7b86-070b-4ae0-a863-04086d5f1622,11583,Zombi,BR03N9C6Z9G6,
Zombie Army 4: Dead War,Xbox Game Pass,xbox-game-pass,Game Catalog,Ultimate/PC/Console,PC | Xbox,,,71,11.7,18.5,55.5,https://store-images.s-microsoft.com/image/apps.15083.14307155302772688.6d2bb19d-e8cc-4826-bd21-920020654895.22cfc234-258a-4edf-b871-db3c9e4a7127,74558,Zombie Army 4: Dead War,9PLSCHRN5715,
DOOM,PlayStation Plus,playstation-plus,Game Catalog,Extra/Premium,PS4,2016-05-13T04:00:00Z,false,84,11.6,16.4,27.1,https://image.api.playstation.com/vulcan/ap/rnd/202009/2814/GGyEnCkIXoyiVlN9sRHkzUPo.png,2708,Doom,UP1003-CUSA02085_00-DOOMNORTHAMERICA,https://store.playstation.com/en-us/concept/201101
DOOM (1993),PlayStation Plus,playstation-plus,Classics Catalog,Premium,PS4,2019-07-26T04:00:00Z,false,84,11.6,16.4,27.1,https://image.api.playstation.com/vulcan/ap/rnd/202009/2406/m3Ko6r12QZBY6n9JfyfsyXTn.png,2708,Doom,UP1003-CUSA15594_00-DOOM199300000000,https://store.playstation.com/en-us/concept/233884
Call of the Wild: The Angler™,Xbox Game Pass,xbox-game-pass,Game Catalog,Ultimate/PC/Console,PC | Xbox,,,61,11.6,20,40,https://store-images.s-microsoft.com/image/apps.40298.13546622578028181.ca6f2004-2229-49ec-83ec-b4fad4124702.4d161737-5ec7-42cb-bd11-7b026650fc46,109596,Call of the Wild: The Angler,9NDC5LJS839S,
DOOM,Xbox Game Pass,xbox-game-pass,Game Catalog,Ultimate/PC/Console,PC | Xbox,,,84,11.6,16.4,27.1,https://store-images.s-microsoft.com/image/apps.9537.66773763610413114.5c7115ed-b566-4d24-80ce-7027cb5b7c3e.26ccbdb5-174d-4f5d-8e51-9fbb56b09362,2708,Doom,C3QH42WRGM3R,
NINJA GAIDEN 4 Standard Edition,Xbox Game Pass,xbox-game-pass,Game Catalog,Ultimate/PC/Console,PC | Xbox,,,79,11.6,16.1,38.6,https://store-images.s-microsoft.com/image/apps.2549.14524843898704391.85a1bf00-ba10-44d9-90b4-d20f9cb73fb6.f4e125f5-8765-4687-842d-a57f54b03fec,162523,Ninja Gaiden 4,9N7358JZPX1Z,
Shadowrun Returns,Xbox Game Pass,xbox-game-pass,Game Catalog,Ultimate/PC/Console,PC | Xbox,,,73,11.6,14.4,17.7,https://store-images.s-microsoft.com/image/apps.55573.14009816262451240.3e3808e2-1e94-4457-b77b-8450027fa25a.12a5baa8-dec7-4fe0-ba05-3b068d35b733,8367,Shadowrun Returns,9N6PHQ93Z451,
West of Dead,PlayStation Plus,playstation-plus,Game Catalog,Extra/Premium,PS4,2020-06-08T11:00:00Z,false,,11.5,0,37,https://image.api.playstation.com/vulcan/ap/rnd/202005/0507/2Qxl4co49CQWyOsqpeO8NFpC.png,77696,West of Dead,UP2320-CUSA16084_00-WESTOFDEAD000000,https://store.playstation.com/en-us/concept/234315
ANNO: Mutationem Collector's Edition PS4 & PS5,PlayStation Plus,playstation-plus,Game Catalog,Extra/Premium,PS4 | PS5,2022-03-17T02:00:00Z,true,70,11.4,14.8,18.3,https://image.api.playstation.com/vulcan/ap/rnd/202202/2106/3XOGa9Qt5aUm9UYK879dm72E.png,81835,ANNO: Mutationem,UP6305-PPSA05925_00-7779893283764094,https://store.playstation.com/en-us/concept/10001119
Wolfenstein: The New Order,PlayStation Plus,playstation-plus,Game Catalog,Extra/Premium,PS4,2014-05-20T04:00:00Z,false,79,11.4,15.3,24.4,https://image.api.playstation.com/vulcan/ap/rnd/202009/3004/ZKYzTfaw4UrsLLt6VjYGwh5r.png,16886,Wolfenstein: The New Order,UP1003-CUSA00314_00-WOLFENSTEIN00001,https://store.playstation.com/en-us/concept/205292
ANNO : Mutationem,Xbox Game Pass,xbox-game-pass,Game Catalog,Ultimate/PC/Console,PC | Xbox,,,70,11.4,14.8,18.3,https://store-images.s-microsoft.com/image/apps.17257.14297915627755596.63bda613-b706-49f5-b411-63eac88ab8f8.90d7d86c-d6f9-4a05-b1df-b301a961eb5e,81835,ANNO: Mutationem,9PMHGHXLGLJM,
Halls of Torment,Xbox Game Pass,xbox-game-pass,Game Catalog,Ultimate/PC/Console,PC | Xbox,,,78,11.4,27.7,65.6,https://store-images.s-microsoft.com/image/apps.64177.13945805245546121.f6dfab60-ee0a-4b20-b702-c24f420913e6.6e574c10-0118-4701-b827-bac4892bae63,125603,Halls of Torment,9NMNMS626R59,
High On Life 2,Xbox Game Pass,xbox-game-pass,Game Catalog,Ultimate/PC/Console,PC | Xbox,,,75,11.4,15.8,28.7,https://store-images.s-microsoft.com/image/apps.15250.13600359535610445.83a29ac7-f121-4e17-8768-bd1631b536e6.d6843dee-b8f7-439b-9db4-01d0facefdee,169405,High On Life 2,9NF6XPSBTTGB,
Wolfenstein: The New Order,Xbox Game Pass,xbox-game-pass,Game Catalog,Ultimate/PC/Console,PC | Xbox,,,79,11.4,15.3,24.4,https://store-images.s-microsoft.com/image/apps.5170.70764866595776237.49bcb933-4bfd-4b64-a764-f2ef10fde8d5.a78a2b99-81e7-4ed0-8d98-c1f2dc453506,16886,Wolfenstein: The New Order,BT9FFLG51VVG,
Far Cry New Dawn,PlayStation Plus,playstation-plus,Game Catalog | Ubisoft+ Classics,Extra/Premium,PS4,2019-02-15T05:00:00Z,false,66,11.3,18.2,28.9,https://image.api.playstation.com/cdn/UP0001/CUSA13917_00/s2paV3Q5VGXYcup1gmnVzD0rmGWMeyfd.png,64996,Far Cry New Dawn,UP0001-CUSA13917_00-FARCRYBOWMORE000,https://store.playstation.com/en-us/concept/232910
Far Cry® New Dawn,Xbox Game Pass,xbox-game-pass,Game Catalog,Ultimate/PC/Console,PC | Xbox,,,66,11.3,18.2,28.9,https://store-images.s-microsoft.com/image/apps.42887.64841033704503268.bc0de57e-6dcd-40b5-b35e-f9f46b4ec1ae.b53b297e-d616-4bc2-a30f-cabe15b77391,64996,Far Cry New Dawn,C1DDW4PRF6K5,
Gears 5 Game of the Year Edition,Xbox Game Pass,xbox-game-pass,Game Catalog,Ultimate/PC/Console,PC | Xbox,,,77,11.3,15.7,19.6,https://store-images.s-microsoft.com/image/apps.9672.14591801423393397.e1044226-28d7-42f6-a357-7102f7d1a4b3.5554c17b-3189-46a1-93fb-2005d1d08e7e,57422,Gears 5,9P4KMR76PLLQ,
Ghostwire: Tokyo,Xbox Game Pass,xbox-game-pass,Game Catalog,Ultimate/PC/Console,PC | Xbox,,,73,11.3,22.8,42,https://store-images.s-microsoft.com/image/apps.17401.14258547668150351.c20c8953-e19e-40f6-8081-ab904c694484.4265c5ba-ab6a-4b8f-b7ad-c190b0da7603,68156,Ghostwire: Tokyo,9PKP39CL0C8D,
Halo Infinite,Xbox Game Pass,xbox-game-pass,Game Catalog,Ultimate/PC/Console,PC | Xbox,,,75,11.3,19.5,29.1,https://store-images.s-microsoft.com/image/apps.30769.13727851868390641.270e98c5-0c6a-4ce0-81ab-e78c700bf4b5.092f9454-fee6-43b1-94e3-802dd0067d8b,57454,Halo Infinite,9NP1P1WFS0LB,
skate. (2007),Xbox Game Pass,xbox-game-pass,Game Catalog,Ultimate/PC/Console,PC | Xbox,,,65,11.3,37,72.1,https://store-images.s-microsoft.com/image/apps.56436.66765638016841945.44eb6927-d62a-4346-a97d-4d1d0881b107.ac9661f7-1e16-4df1-bf81-119631e97f8b,114694,skate.,C3QWNCV55VLL,
Child of Light™,PlayStation Plus,playstation-plus,Game Catalog | Ubisoft+ Classics,Extra/Premium,PS4,2014-04-29T04:00:00Z,false,78,11.2,13.5,15.4,https://image.api.playstation.com/cdn/UP0001/CUSA00339_00/O3Q4ccu7xZsW5tlkfzPsXa0rCvO9Etpt.png,17012,Child of Light,UP0001-CUSA00339_00-CHILDOFLIGHT0001,https://store.playstation.com/en-us/concept/200740
Child of Light,Xbox Game Pass,xbox-game-pass,Game Catalog,Ultimate/PC/Console,PC | Xbox,,,78,11.2,13.5,15.4,https://store-images.s-microsoft.com/image/apps.51134.69016865837780293.9b6820fe-f7d4-4de3-9591-ae50b5b3401a.a2877e5c-ceaa-4cf6-8794-d4acad18157e,17012,Child of Light,BQ9Q620NC614,
Hi-Fi RUSH,Xbox Game Pass,xbox-game-pass,Game Catalog,Ultimate/PC/Console,PC | Xbox,,,86,11.2,14.1,59.9,https://store-images.s-microsoft.com/image/apps.40606.13592675470908447.79efa8be-9602-4911-867c-3b27d26ad414.de6abfbb-a945-4397-981e-fd70713911f7,122891,Hi-Fi Rush,9NFTC552K3GJ,
Lost Records: Bloom & Rage,Xbox Game Pass,xbox-game-pass,Game Catalog,Ultimate/PC/Console,PC | Xbox,,,71,11.2,13.3,17.1,https://store-images.s-microsoft.com/image/apps.13968.13933652051346116.c13bbe67-324e-411f-a97e-18de58664521.1bff10ae-7b34-4730-afc4-f62705e4bf54,141844,Lost Records: Bloom & Rage,9N3F1LW9HC6C,
RAGE,Xbox Game Pass,xbox-game-pass,Game Catalog,Ultimate/PC/Console,PC | Xbox,,,69,11.1,15.5,23.6,https://store-images.s-microsoft.com/image/apps.51318.68925464159691452.a2903bed-8f56-422f-b4a8-81cca9a4bf93.ddfde01b-109b-479a-83d4-428746a31c96,7526,Rage,BR27BSZ2M3SR,
DOOM 3,PlayStation Plus,playstation-plus,Classics Catalog,Premium,PS4,2019-07-26T04:00:00Z,false,74,10.9,13.1,16.7,https://image.api.playstation.com/vulcan/ap/rnd/202009/2804/3EPNHf0OrAOLlm5v5jhXk2e5.png,2704,Doom 3,UP1003-CUSA16286_00-DOOM030000000000,https://store.playstation.com/en-us/concept/234453
Warhammer: Vermintide 2,PlayStation Plus,playstation-plus,Game Catalog,Extra/Premium,PS4,2018-12-18T05:00:00Z,false,,10.9,28.8,128.6,https://image.api.playstation.com/cdn/UP4122/CUSA13595_00/yf85lLv8DBBzDKKSZrkmxdqZluSbFSU1.png,51768,Warhammer: Vermintide 2,UP4122-CUSA13595_00-VERMINTIDE2000US,https://store.playstation.com/en-us/concept/232764
DOOM 3,Xbox Game Pass,xbox-game-pass,Game Catalog,Ultimate/PC/Console,PC | Xbox,,,74,10.9,13.1,16.7,https://store-images.s-microsoft.com/image/apps.60652.14361385044335696.50e1eb97-e01a-40d6-839c-7082e07b25b3.470b5116-eb1e-4467-b925-703e307c0297,2704,Doom 3,9NSL68D814GC,
Grim Fandango Remastered,Xbox Game Pass,xbox-game-pass,Game Catalog,Ultimate/PC/Console,PC | Xbox,,,80,10.9,11.5,12,https://store-images.s-microsoft.com/image/apps.29044.14111995464148770.3579d82c-235a-4089-9783-e7a375fa5964.628e0b56-fb2b-4f29-9f67-68c5122de399,4123,Grim Fandango,9PC288TN7R8K,
Warhammer: Vermintide 2,Xbox Game Pass,xbox-game-pass,Game Catalog,Ultimate/PC/Console,PC | Xbox,,,,10.9,28.8,128.6,https://store-images.s-microsoft.com/image/apps.53214.63950392980135892.2a65d13a-abfb-4b37-bbe3-ccc769a3b70f.b2e7dc33-8634-48ff-98b1-95970d17f549,51768,Warhammer: Vermintide 2,BXZWT67JBZJH,
1000xRESIST,Xbox Game Pass,xbox-game-pass,Game Catalog,Ultimate/PC/Console,PC | Xbox,,,85,10.8,13,13.8,https://store-images.s-microsoft.com/image/apps.26170.13724740810259939.b66dd818-9d75-4097-b510-7e4f8f43131a.ae40357e-1af2-40ef-8179-06b7546b3e9e,143595,1000xRESIST,9NPDN9R45JX4,
Moving Out 2,Xbox Game Pass,xbox-game-pass,Game Catalog,Ultimate/PC/Console,PC | Xbox,,,73,10.8,13.1,21.9,https://store-images.s-microsoft.com/image/apps.61624.14092419520193072.64e53d99-3172-4ca7-856b-dd313b69b944.4cfb64f3-ed9e-4d21-b873-244865b67ff4,129880,Moving Out 2,9P88K6NQW12H,
Total Chaos,Xbox Game Pass,xbox-game-pass,Game Catalog,Ultimate/PC/Console,PC | Xbox,,,66,10.8,13.4,17.6,https://store-images.s-microsoft.com/image/apps.24807.14224411830682092.a75ca261-09af-4d3c-9aa3-170861aaf880.2484038d-3717-4598-a25b-bbb4c7cdc5a4,166129,Total Chaos,9PHTX5QZ035T,
Assassin's Creed Rogue Remastered,PlayStation Plus,playstation-plus,Game Catalog | Ubisoft+ Classics,Extra/Premium,PS4,2018-03-20T04:00:00Z,false,72,10.7,22.3,40,https://image.api.playstation.com/cdn/JP0001/CUSA10132_00/Wh098aFfbc0ZxRZGdTzIYCw05SOlX3vi.png,21246,Assassin's Creed: Rogue,UP0001-CUSA10158_00-ACRGAMEPS4000001,https://store.playstation.com/en-us/concept/230095
Assassin’s Creed® Rogue Remastered,Xbox Game Pass,xbox-game-pass,Game Catalog,Ultimate/PC/Console,PC | Xbox,,,72,10.7,22.3,40,https://store-images.s-microsoft.com/image/apps.54924.71737353171179027.83997f85-ff8e-44cd-826c-44098b6be332.3013b4ab-4385-4ae3-bb76-873fff5836c8,21246,Assassin's Creed: Rogue,BWT5L9P3L60X,
Evil West,Xbox Game Pass,xbox-game-pass,Game Catalog,Ultimate/PC/Console,PC | Xbox,,,71,10.7,13.3,22.4,https://store-images.s-microsoft.com/image/apps.4211.14176554647910182.b03fa26e-38ab-4eae-a31e-457e38d3b885.931e36a8-9260-4fcf-833a-72600108d150,85970,Evil West,9MW581HCJPM6,
RAGE 2,PlayStation Plus,playstation-plus,Game Catalog,Extra/Premium,PS4,2019-05-14T04:00:00Z,false,65,10.6,19.2,32.8,https://image.api.playstation.com/vulcan/ap/rnd/202009/2821/2cFU41hKxJoToqGlcnJof7G9.png,58031,Rage 2,UP1003-CUSA10339_00-RAGE02FULLGAME00,https://store.playstation.com/en-us/concept/229997
RAGE 2,Xbox Game Pass,xbox-game-pass,Game Catalog,Ultimate/PC/Console,PC | Xbox,,,65,10.6,19.2,32.8,https://store-images.s-microsoft.com/image/apps.25597.65377716030309997.4ce8fd57-e617-46e7-9d4f-e8b49f4d07ef.8032cd3b-4de6-4872-8e49-32f042b5a139,58031,Rage 2,C2DCJ95ZXBMS,
Atomfall,Xbox Game Pass,xbox-game-pass,Game Catalog,Ultimate/PC/Console,PC | Xbox,,,73,10.5,17.4,26.8,https://store-images.s-microsoft.com/image/apps.43253.13575061151050973.cebfa75f-b2f4-4dde-99fa-c709bab904af.e292a86b-4157-4340-b5a4-9d55a11c0f3e,152018,Atomfall,9NC4WDL5KZBL,
World War Z: Aftermath,PlayStation Plus,playstation-plus,Game Catalog,Extra/Premium,PS5,2023-01-24T14:00:00Z,true,73,10.4,19.2,72.4,https://image.api.playstation.com/vulcan/ap/rnd/202108/1609/H7gbJJRlxx0gh6L40A0kkZ5x.png,98252,World War Z: Aftermath,UP6856-PPSA05424_00-WWZGAME000000PS5,https://store.playstation.com/en-us/concept/230658
World War Z: Aftermath,Xbox Game Pass,xbox-game-pass,Game Catalog,Ultimate/PC/Console,PC | Xbox,,,73,10.4,19.2,72.4,https://store-images.s-microsoft.com/image/apps.17991.14315814591543581.e259272c-6394-43a0-9fcb-744c0a35683f.3ec89289-214c-4706-b1b6-d232c9630952,98252,World War Z: Aftermath,9PLCL2VB2SC0,
NINJA GAIDEN 2 Black,Xbox Game Pass,xbox-game-pass,Game Catalog,Ultimate/PC/Console,PC | Xbox,,,78,10.1,12.4,79.9,https://store-images.s-microsoft.com/image/apps.46268.13976941088581007.e581c7fc-0a79-4f79-9d86-95424f162e3e.af38cb65-658c-4cc0-92d7-5f58bfb5f1db,162522,Ninja Gaiden 2 Black,9N51FH42VQDS,
Quantum Break,Xbox Game Pass,xbox-game-pass,Game Catalog,Ultimate/PC/Console,PC | Xbox,,,75,10.1,13.1,18.6,https://store-images.s-microsoft.com/image/apps.27045.68618454610217617.0bf16429-e940-40f4-b483-920166ef2ce1.44c2ee69-b406-4598-8ce1-1080a236cb57,19853,Quantum Break,BPNDKQN84N6L,
Sunset Overdrive,Xbox Game Pass,xbox-game-pass,Game Catalog,Ultimate/PC/Console,PC | Xbox,,,79,10.1,17.6,34.2,https://store-images.s-microsoft.com/image/apps.19746.69444514893807971.ab5f1b93-5a0c-4e23-9a17-465a62377bd1.a396a069-cf56-40f3-b1b5-9072f1fbd328,21278,Sunset Overdrive,BRZHFR5XBLQS,
A Space for the Unbound,PlayStation Plus,playstation-plus,Game Catalog,Extra/Premium,PS5,2023-01-19T05:00:00Z,true,80,10,10.8,12.3,https://image.api.playstation.com/vulcan/ap/rnd/202211/1606/oXtps1uT1x0cAMxa6r1FtkhQ.png,78881,A Space For The Unbound,UP5258-PPSA12230_00-6374691671740551,https://store.playstation.com/en-us/concept/10005843
Crysis Remastered,PlayStation Plus,playstation-plus,Classics Catalog,Premium,PS4,2020-10-09T08:00:00Z,false,,10,12.5,13.5,https://image.api.playstation.com/vulcan/ap/rnd/202009/0715/rNqpXMO3CX4zfiNMwiFNpWf5.png,2068,Crysis,UP4291-CUSA18659_00-CRYSISREMASTERED,https://store.playstation.com/en-us/concept/10000350
Frostpunk: Console Edition,PlayStation Plus,playstation-plus,Game Catalog,Extra/Premium,PS4,2019-10-11T04:00:00Z,false,,10,20.5,44.5,https://image.api.playstation.com/vulcan/img/cfn/11307gUc4R5kae_v_nGpnCVuUFaRrTZf_vN6xXuJNO_6Ada4f-lq95RC1gmHckKxeXGeZVssQKw9F7QEOofzlciZeY8cFWAz.png,41585,Frostpunk,UP4361-CUSA15716_00-FROSTPUNKGAME000,https://store.playstation.com/en-us/concept/233993
Rayman® Legends,PlayStation Plus,playstation-plus,Game Catalog | Ubisoft+ Classics,Extra/Premium,PS4,2014-02-18T05:00:00Z,false,84,10,16.1,31.6,https://image.api.playstation.com/vulcan/img/cfn/11307EfasWbxB33-3AqY1YKO6soxEliac5YIuk0D9URQ-aWAVZbWOTd2Ge5QUI-KO_22neMhSvfH6s-dUBmZnvITlP8nHiE7.png,12655,Rayman Legends,UP0001-CUSA00069_00-RAYMANLEGENDS001,https://store.playstation.com/en-us/concept/203902
Sniper Elite 4,PlayStation Plus,playstation-plus,Game Catalog,Extra/Premium,PS4,2017-02-14T05:00:00Z,false,,10,16,32.5,https://image.api.playstation.com/cdn/UP4363/CUSA04220_00/aJbLMK15ysKqq6er85uaAPL6A1ajHKL6.png,40715,Sniper Elite 4,UP4363-CUSA04220_00-SNIPERELITE40000,https://store.playstation.com/en-us/concept/216395
Gears of War 2,Xbox Game Pass,xbox-game-pass,Game Catalog,Ultimate/PC/Console,PC | Xbox,,,82,10,12.6,53.6,https://store-images.s-microsoft.com/image/apps.22422.65595136073047161.857e51a5-2b52-4c0e-8ac2-92b6b4609fc2.575238f4-dafa-47d8-a0b9-0ab665f39566,3863,Gears of War 2,C1SDBNRFXT1D,
Rayman Legends,Xbox Game Pass,xbox-game-pass,Game Catalog,Ultimate/PC/Console,PC | Xbox,,,84,10,16.1,31.6,https://store-images.s-microsoft.com/image/apps.41220.65843946604617087.4d3f1eaa-9f9b-4884-8da5-69d3fa77479f.0774e631-7504-4aec-9e38-3593b7df27ea,12655,Rayman Legends,C26K4DVGR45B,
Resident Evil Village PS4 & PS5,PlayStation Plus,playstation-plus,Game Catalog,Extra/Premium,PS5 | PS4,2021-05-07T04:00:00Z,true,84,9.9,12.9,38.6,https://image.api.playstation.com/vulcan/ap/rnd/202101/0812/FkzwjnJknkrFlozkTdeQBMub.png,80038,Resident Evil Village,UP0102-PPSA01556_00-VILLAGEFULLGAMEX,https://store.playstation.com/en-us/concept/235235
Return to Monkey Island,PlayStation Plus,playstation-plus,Game Catalog,Extra/Premium,PS5,2022-11-08T17:00:00Z,true,81,9.9,11.7,16.9,https://image.api.playstation.com/vulcan/ap/rnd/202211/1822/9EgpieO87hFjIvMIxiUtLPnr.png,109863,Return to Monkey Island,UP3643-PPSA10122_00-RTMIPS5SIEA00000,https://store.playstation.com/en-us/concept/10006133
Skate 3,Xbox Game Pass,xbox-game-pass,Game Catalog,Ultimate/PC/Console,PC | Xbox,,,84,9.9,26.2,39.5,https://store-images.s-microsoft.com/image/apps.25388.68005754082254855.39795a60-73cf-4461-87d9-7f112c30c43c.7d99d88b-5b61-4951-9de7-34e5ddad1df2,8599,Skate 3,BNKDKQXMXRR2,
South of Midnight,Xbox Game Pass,xbox-game-pass,Game Catalog,Ultimate/PC/Console,PC | Xbox,,,74,9.9,12.2,17.8,https://store-images.s-microsoft.com/image/apps.31946.13678609147241298.c742bfe1-6624-4d6a-800e-503c12872c58.bf5a297c-46e9-4f84-ace0-768fc3345071,129947,South of Midnight,9NJCVGS6T30K,
The Walking Dead: The Final Season - The Complete Season,Xbox Game Pass,xbox-game-pass,Game Catalog,Ultimate/PC/Console,PC | Xbox,,,82,9.9,10.4,13.8,https://store-images.s-microsoft.com/image/apps.63360.65079731096933175.a08cf79d-9c48-4fcd-90eb-63df0c6a136c.4771e790-cd77-4316-a708-a82c7f28b996,47646,The Walking Dead: The Final Season,C0VQBXFNZ1Q0,
SWORN,Xbox Game Pass,xbox-game-pass,Game Catalog,Ultimate/PC/Console,PC | Xbox,,,72,9.8,26,63.2,https://store-images.s-microsoft.com/image/apps.63785.13511316360139765.c27c733b-7cf6-4671-a04c-5a2fcb95b0f0.6ccd7a07-4bea-4edd-9d1a-ed34083247f3,147515,SWORN,9MWDJRQ1BXTC,
Gears of War 3,Xbox Game Pass,xbox-game-pass,Game Catalog,Ultimate/PC/Console,PC | Xbox,,,82,9.7,12.6,19.6,https://store-images.s-microsoft.com/image/apps.17664.68607194681373551.b4c09a44-be36-42d6-96c5-4a33b566becd.f0735af8-acef-4b7e-b40c-d0d2b622dd37,3865,Gears of War 3,BPKDQSSFQ9WV,
Tell Me Why: Chapters 1-3,Xbox Game Pass,xbox-game-pass,Game Catalog,Ultimate/PC/Console,PC | Xbox,,,73,9.7,11.2,13.7,https://store-images.s-microsoft.com/image/apps.56500.13599353568798630.567fc0f9-a81e-456c-a9ee-55bb0bb153b5.a110b76d-abae-4dd7-a578-a796ea66ff53,71968,Tell Me Why,9NF83PRZK6K3,
DREDGE,PlayStation Plus,playstation-plus,Game Catalog,Extra/Premium,PS4 | PS5,2023-03-30T04:00:00Z,true,81,9.6,12.8,20.4,https://image.api.playstation.com/vulcan/ap/rnd/202301/1712/N67SrtQhAeoOQbSqku6vdpDM.png,94128,Dredge,UP4064-PPSA09077_00-0441220012296936,https://store.playstation.com/en-us/concept/10005693
DREDGE,Xbox Game Pass,xbox-game-pass,Game Catalog,Ultimate/PC/Console,PC | Xbox,,,81,9.6,12.8,20.4,https://store-images.s-microsoft.com/image/apps.63652.13820556954312705.ce2b6824-c2a0-4535-b8cb-e13dda14a92d.0209b610-a2c9-4eaf-8541-96ad1f554d39,94128,Dredge,9MSVVM5NS9L6,
Minecraft Legends,Xbox Game Pass,xbox-game-pass,Game Catalog,Ultimate/PC/Console,PC | Xbox,,,58,9.6,13.6,21.9,https://store-images.s-microsoft.com/image/apps.43083.13695729085627777.1297136a-f273-41f1-947f-59044c848c55.96136b17-8c70-4dce-9ca0-3ef59a1fd391,109254,Minecraft Legends,9NF0D13RPX5L,
For The King,PlayStation Plus,playstation-plus,Game Catalog,Extra/Premium,PS4,2019-05-07T00:00:00Z,false,,9.5,32.5,89.5,https://image.api.playstation.com/cdn/UP4395/CUSA12956_00/sfRB3La4Ip4NF8oXJ6Nql0nnnUZ2AD3H.png,45024,For The King,UP4395-CUSA12956_00-FORTHEKING000001,https://store.playstation.com/en-us/concept/232512
Hello Neighbor,PlayStation Plus,playstation-plus,Game Catalog,Extra/Premium,PS4 | PS5,2026-03-26T16:00:00Z,true,,9.5,17.5,21,https://image.api.playstation.com/vulcan/ap/rnd/202603/1811/3f246e54d304f6fa9f4d2c79f82a8121422d57777d7b21b5.png,40794,Hello Neighbor,UP0097-PPSA35090_00-HNREMASTERED0000,https://store.playstation.com/en-us/concept/231096
"Warhammer 40,000: Space Marine 2",PlayStation Plus,playstation-plus,Game Catalog,Extra/Premium,PS5,2024-09-09T16:00:00Z,true,80,9.5,15.3,67.4,https://image.api.playstation.com/vulcan/ap/rnd/202212/0711/MKweDX2LQpXiPcU6Jitg9KAg.png,101254,"Warhammer 40,000: Space Marine II",UP4133-PPSA04452_00-SPACEMARINESII00,https://store.playstation.com/en-us/concept/10003330
RESIDENT EVIL 7 biohazard,Xbox Game Pass,xbox-game-pass,Game Catalog,Ultimate/PC/Console,PC | Xbox,,,,9.5,11.5,22,https://store-images.s-microsoft.com/image/apps.35598.71433286839923669.1250138a-286b-4b3f-8367-3d201ae45ae9.3965d168-2feb-4c98-bcc8-d8483d53dac6,38051,Resident Evil 7 Biohazard,BVFDTJ1XF6CS,
"Warhammer 40,000: Space Marine 2",Xbox Game Pass,xbox-game-pass,Game Catalog,Ultimate/PC/Console,PC | Xbox,,,80,9.5,15.3,67.4,https://store-images.s-microsoft.com/image/apps.55307.13528912654162373.752dd58c-93b6-40eb-ba0f-2d5ce3229dff.c5d5155c-3681-4be5-bfd0-952251a36c56,101254,"Warhammer 40,000: Space Marine II",9N9PCZWHVP2L,
ScreamRide,Xbox Game Pass,xbox-game-pass,Game Catalog,Ultimate/PC/Console,PC | Xbox,,,57,9.3,13.8,,https://store-images.s-microsoft.com/image/apps.3227.68338609849054191.6696e876-c966-43a5-9099-9ea6fbdb938d.f4d9f53a-d471-4070-b3f5-c5d456abd873,21715,Screamride,BQ4M1XWXFKHB,
Wolfenstein: Youngblood,PlayStation Plus,playstation-plus,Game Catalog,Extra/Premium,PS4,2019-07-26T04:00:00Z,false,59,9.2,14.7,32.1,https://image.api.playstation.com/vulcan/ap/rnd/202010/0605/s9anMLJErDUXJTbBOoKSiqiv.png,57504,Wolfenstein: Youngblood,UP1003-CUSA13084_00-YNGBLD0000000000,https://store.playstation.com/en-us/concept/232887
Brütal Legend,Xbox Game Pass,xbox-game-pass,Game Catalog,Ultimate/PC/Console,PC | Xbox,,,71,9.2,14,25,https://store-images.s-microsoft.com/image/apps.31857.67187313298816901.62c70448-0dd4-4a12-b42b-cdc666dbd510.bd7776b3-0c14-4bd7-9395-27887e6a16e9,1345,Brütal Legend,C5DZFZ6NC5SQ,
High On Life,Xbox Game Pass,xbox-game-pass,Game Catalog,Ultimate/PC/Console,PC | Xbox,,,73,9.2,12.8,21.6,https://store-images.s-microsoft.com/image/apps.45698.13714596773589453.b0e22fc5-f8b4-4b36-b12d-db5d42554c10.bc780adb-55cc-425c-9e65-e86696d7d030,109245,High On Life,9NL4714VTLRS,
Roboquest,Xbox Game Pass,xbox-game-pass,Game Catalog,Ultimate/PC/Console,PC | Xbox,,,80,9.2,22.3,43.3,https://store-images.s-microsoft.com/image/apps.47475.14593591481307987.1e2d6495-99f7-469f-afa9-16c05216b58f.a92545a2-db22-430c-aeeb-911d568f876f,82817,Roboquest,9P47S7NJGWZL,
Wolfenstein: Youngblood,Xbox Game Pass,xbox-game-pass,Game Catalog,Ultimate/PC/Console,PC | Xbox,,,59,9.2,14.7,32.1,https://store-images.s-microsoft.com/image/apps.22779.14232405978199420.10006ada-af2f-43d4-ab04-4e26289ccf76.4e74bdfd-2eb7-4e57-aa1d-88718d1d7911,57504,Wolfenstein: Youngblood,C421ZX7RCG0W,
Gears of War,Xbox Game Pass,xbox-game-pass,Game Catalog,Ultimate/PC/Console,PC | Xbox,,,78,9.1,12.2,29.2,https://store-images.s-microsoft.com/image/apps.37229.68631123789499032.6299bbb9-6778-40d5-965f-080b552baa15.be2992c1-0236-4fd3-983a-9a9d9df0877e,3862,Gears of War,BPN08ZDRPSFK,
Gears of War 4,Xbox Game Pass,xbox-game-pass,Game Catalog,Ultimate/PC/Console,PC | Xbox,,,75,9.1,11.7,13.9,https://store-images.s-microsoft.com/image/apps.27107.13510798887356280.e9581154-ba55-457f-9b5f-4285b6036ba9.852cd1b9-b6db-430f-a640-b02d32c72c05,26788,Gears of War 4,9NBLGGH4PBBM,
Gears of War: Ultimate Edition,Xbox Game Pass,xbox-game-pass,Game Catalog,Ultimate/PC/Console,PC | Xbox,,,78,9.1,12.2,29.2,https://store-images.s-microsoft.com/image/apps.30935.68785176255228170.152a1029-d0c3-4d27-a42d-ecccb32aa4ca.dc750da7-3cda-4a73-9705-24b6c06e820d,3862,Gears of War,BQT21VXFS52F,
Halo Wars: Definitive Edition,Xbox Game Pass,xbox-game-pass,Game Catalog,Ultimate/PC/Console,PC | Xbox,,,71,9,12.4,45.9,https://store-images.s-microsoft.com/image/apps.58465.68131417927341023.6f4f8f73-402d-42d7-8fff-a37b68438b32.76e8810a-db0d-4b39-9e12-5fd71c6c6ee6,4267,Halo Wars,BPRPQSKXTD1L,
Ori and the Blind Forest: Definitive Edition,Xbox Game Pass,xbox-game-pass,Game Catalog,Ultimate/PC/Console,PC | Xbox,,,84,9,11.3,12.8,https://store-images.s-microsoft.com/image/apps.33006.71930896676716842.b6740fa4-0359-4ca8-9e17-5d4e45c2d497.106c936e-9312-4ea3-b2c1-d6ea54a4377d,36755,Ori and the Blind Forest: Definitive Edition,BW85KQB8Q31M,
Resident Evil 2,PlayStation Plus,playstation-plus,Classics Catalog,Premium,PS4 | PS5,2025-08-19T16:00:00Z,true,88,8.8,15.4,36.6,https://image.api.playstation.com/vulcan/ap/rnd/202205/1307/QpeOEfRcYvTWs6oU7vwePeWK.png,57479,Resident Evil 2,UP0102-PPSA07813_00-CLASSICRE2000001,https://store.playstation.com/en-us/concept/10005150
RESIDENT EVIL 2,Xbox Game Pass,xbox-game-pass,Game Catalog,Ultimate/PC/Console,PC | Xbox,,,88,8.8,15.4,36.6,https://store-images.s-microsoft.com/image/apps.38246.71571739681700792.c61fa2d7-3d69-4edf-8e51-accc41d47823.9197ae9d-181d-44ff-a98d-7f64086f509e,57479,Resident Evil 2,BWMH951M3G3P,
Egging On,Xbox Game Pass,xbox-game-pass,Game Catalog,Ultimate/PC/Console,PC | Xbox,,,67,8.7,,26.4,https://store-images.s-microsoft.com/image/apps.5621.14152749769454837.6267b1e7-52ba-45c3-8a48-c823ac92c3ba.65aacb6f-f33c-47a6-b44e-05765a139e48,151790,Egging On,9PDKDBQGG2N2,
Totally Accurate Battle Simulator,Xbox Game Pass,xbox-game-pass,Game Catalog,Ultimate/PC/Console,PC | Xbox,,,70,8.6,16,42.9,https://store-images.s-microsoft.com/image/apps.25383.14176345306313891.79ca8837-5397-4838-85b6-4a8a9720856c.db23320a-e9f6-4ed3-87e5-db4a5e82a6fc,52878,Totally Accurate Battle Simulator,9PC4RWP34M2D,
Cooking Simulator,Xbox Game Pass,xbox-game-pass,Game Catalog,Ultimate/PC/Console,PC | Xbox,,,59,8.4,10.8,21.6,https://store-images.s-microsoft.com/image/apps.40773.13934302625463282.ce885e17-8e35-4fa6-951c-1f7e58c35e4f.d2b59c71-aed1-4d55-b09f-70e66bdac381,68122,Cooking Simulator,9N3DKKRHSJBT,
Mirror's Edge™ Catalyst,Xbox Game Pass,xbox-game-pass,Game Catalog,Ultimate/PC/Console,PC | Xbox,,,70,8.4,13.4,32,https://store-images.s-microsoft.com/image/apps.62830.66522486697599341.54595999-7800-48a6-8255-bf581c71e0dd.fdab5a16-85bd-4fa0-9c88-8ec2f16ced89,19181,Mirror's Edge: Catalyst,C48LBRJJCP2L,
Absolum,Xbox Game Pass,xbox-game-pass,Game Catalog,Ultimate/PC/Console,PC | Xbox,,,85,8.3,15.3,25.1,https://store-images.s-microsoft.com/image/apps.32105.13759640125827051.772a39df-8493-4759-8166-939a750af786.d294702d-4ae5-49f5-859a-f13a5ef1da2e,164872,Absolum,9NR6NJ401NBS,
Plants vs. Zombies: Battle for Neighborville™,Xbox Game Pass,xbox-game-pass,Game Catalog,Ultimate/PC/Console,PC | Xbox,,,82,8.2,17.9,42.6,https://store-images.s-microsoft.com/image/apps.51083.66663660452837213.88feed53-4335-4b35-8a3a-476a0f0fd6ca.c4755ce8-cee4-4ca4-8f72-5e5bc6eae3de,7106,Plants vs. Zombies,C4HZC7LJG6PX,
Halo 5: Guardians,Xbox Game Pass,xbox-game-pass,Game Catalog,Ultimate/PC/Console,PC | Xbox,,,68,8.1,13.6,25.5,https://store-images.s-microsoft.com/image/apps.64118.69279545232152045.f1a4a87c-fcc9-4b7c-a620-f6c56eb2d5ad.37725d25-3e41-41e7-a2ce-6b0f9994ef5c,19267,Halo 5: Guardians,BRRC2BP0G9P0,
Halo Wars 2: Standard Edition,Xbox Game Pass,xbox-game-pass,Game Catalog,Ultimate/PC/Console,PC | Xbox,,,74,8.1,14.8,48.8,https://store-images.s-microsoft.com/image/apps.6988.66922732424733865.effc282c-0a95-45c2-8069-86e7e083b3aa.d9a002b9-654e-406f-bce9-4d9de652143a,37985,Halo Wars 2,C42KCJCLX6MX,
Celeste,PlayStation Plus,playstation-plus,Game Catalog,Extra/Premium,PS4,2018-01-25T05:00:00Z,false,,8,13.5,37.5,https://image.api.playstation.com/cdn/UP2120/CUSA11302_00/qHx7zoFGNn6BUHUOk2jSfBck2Zzbjulw.png,42818,Celeste,UP2120-CUSA11302_00-CELESTEXXCELESTE,https://store.playstation.com/en-us/concept/231477
Hungry Shark® World,PlayStation Plus,playstation-plus,Game Catalog | Ubisoft+ Classics,Extra/Premium,PS4,2018-07-17T04:00:00Z,false,58,8,,25,https://image.api.playstation.com/cdn/UP0001/CUSA12408_00/4izcPkP2MYiv4a2MS8FZI17VciwiBne8.png,67206,Hungry Shark World,UP0001-CUSA12408_00-HSWC0109FGOL7410,https://store.playstation.com/en-us/concept/232286
ODDBALLERS,PlayStation Plus,playstation-plus,Game Catalog | Ubisoft+ Classics,Extra/Premium,PS4,2023-01-26T05:00:00Z,false,53,8,,,https://image.api.playstation.com/vulcan/ap/rnd/202201/3123/zI5tK6fTg9Gr8qhssFG4MMIX.png,113838,OddBallers,UP0001-CUSA29140_00-GAME000000000000,https://store.playstation.com/en-us/concept/10003316
Shadow Warrior 2,PlayStation Plus,playstation-plus,Game Catalog,Extra/Premium,PS4,2017-05-19T04:00:00Z,false,,8,15.5,22.5,https://image.api.playstation.com/cdn/UP3643/CUSA05617_00/bzyDKfSpQsA6sFUi7IG6REIrzwz6oHJW.png,39740,Shadow Warrior 2,UP3643-CUSA05617_00-SHADOWWARRIOR200,https://store.playstation.com/en-us/concept/221784
BLiNX: The Time Sweeper,Xbox Game Pass,xbox-game-pass,Game Catalog,Ultimate/PC/Console,PC | Xbox,,,51,8,10.3,13,https://store-images.s-microsoft.com/image/apps.1712.69676224553003885.7746d59f-9224-4b66-8097-e540a8ad4b00.a2e18719-7a03-42b0-9324-907f92092527,1168,Blinx: The Time Sweeper,BRG51C5MWFSG,
Hungry Shark® World,Xbox Game Pass,xbox-game-pass,Game Catalog,Ultimate/PC/Console,PC | Xbox,,,58,8,,25,https://store-images.s-microsoft.com/image/apps.27537.66737642935896860.41884042-7fd3-4645-a679-7e762962b532.7dadad86-c1fc-4bf0-a2fc-b9be60a5d2e7,67206,Hungry Shark World,C3NHWKLR94M9,
Perfect Dark,Xbox Game Pass,xbox-game-pass,Game Catalog,Ultimate/PC/Console,PC | Xbox,,,80,8,15.7,30.5,https://store-images.s-microsoft.com/image/apps.20283.65049759038650156.9c9f4a81-e21a-4dcb-b819-b75ab00b696e.1ce53e1e-9275-4770-9148-e81edde22b8c,6966,Perfect Dark,C0SWGV4560W1,
GoldenEye 007,Xbox Game Pass,xbox-game-pass,Game Catalog,Ultimate/PC/Console,PC | Xbox,,,82,7.9,13.5,21.7,https://store-images.s-microsoft.com/image/apps.34932.14024294433653017.40ef41ab-6f85-4460-bdee-079089b18040.8e21b7ce-1e5b-4d90-b99e-01c2330b4db5,4003,GoldenEye 007,9N6639H7VGH4,
Sifu,Xbox Game Pass,xbox-game-pass,Game Catalog,Ultimate/PC/Console,PC | Xbox,,,80,7.8,14.1,22.3,https://store-images.s-microsoft.com/image/apps.22704.14108092972231485.130f8f79-218a-4318-83ee-72f0213be0dd.6ca34cbe-4daf-4ed6-a17b-e384394e2dd5,89091,Sifu,9P7PF6ZP3958,
Perfect Dark Zero,Xbox Game Pass,xbox-game-pass,Game Catalog,Ultimate/PC/Console,PC | Xbox,,,54,7.7,10.6,24.5,https://store-images.s-microsoft.com/image/apps.21399.63613604984995316.d403620a-54b7-4a68-9850-e3bfda4c2552.9ba8a8e5-8c96-45b2-83cf-8eeef411eb81,6967,Perfect Dark Zero,BZF7N4FQWHNR,
Battlefield™ 1 Revolution,Xbox Game Pass,xbox-game-pass,Game Catalog,Ultimate/PC/Console,PC | Xbox,,,77,7.6,22.9,24.2,https://store-images.s-microsoft.com/image/apps.39800.68596255437297164.99e6fb73-cd5e-440f-90c2-d8d2eb40a69d.5d9b9ea9-9816-4492-82df-fefa1a6c0f94,931,Battlefield 1942,BPL68T0XK96W,
The Walking Dead: A New Frontier - The Complete Season (Episodes 1-5),Xbox Game Pass,xbox-game-pass,Game Catalog,Ultimate/PC/Console,PC | Xbox,,,71,7.6,8,8.2,https://store-images.s-microsoft.com/image/apps.25445.68746382496567220.612ba4aa-3f7b-4b25-b141-a20112197dde.672c59e8-ed5c-4277-b00b-62c66d6d6c51,41484,The Walking Dead: A New Frontier,BQR7QS0F8SJ3,
Balatro,Xbox Game Pass,xbox-game-pass,Game Catalog,Ultimate/PC/Console,PC | Xbox,,,86,7.5,45.9,251.7,https://store-images.s-microsoft.com/image/apps.439.14272217582130616.c82ff68e-0db1-4f30-b98c-fb81f0411743.c4424a49-501a-4ad5-bb6e-165f695d16d9,132112,Balatro,9PK087LNGJC5,
Hellblade: Senua's Sacrifice,Xbox Game Pass,xbox-game-pass,Game Catalog,Ultimate/PC/Console,PC | Xbox,,,81,7.5,8.2,9.2,https://store-images.s-microsoft.com/image/apps.51441.67453348098260763.a9f96429-c651-425e-97d2-e8861561f15f.73c36cb3-fa0c-4b94-9cdf-abc1f2037096,41638,Hellblade: Senua's Sacrifice,C4Z7QM8FSXM2,
Winter Burrow,Xbox Game Pass,xbox-game-pass,Game Catalog,Ultimate/PC/Console,PC | Xbox,,,73,7.5,9.1,10.9,https://store-images.s-microsoft.com/image/apps.58045.13551922362408999.6a1ab142-ad0f-4a13-b0ba-9fcbb7182271.5a03aaae-c090-4e7d-92ad-d18792b14d77,169328,Winter Burrow,9ND3HTTQ0GKB,
Goat Simulator 3,Xbox Game Pass,xbox-game-pass,Game Catalog,Ultimate/PC/Console,PC | Xbox,,,73,7.4,12.1,22.4,https://store-images.s-microsoft.com/image/apps.36241.13691300234764634.6bd09c5e-3ea8-4ca5-9bd9-98e21eb55d43.ff3594fe-a85f-4633-b367-eb9adbb28cd8,109125,Goat Simulator 3,9NMB4T25W817,
Goat Simulator 3: Xbox One Edition,Xbox Game Pass,xbox-game-pass,Game Catalog,Ultimate/PC/Console,PC | Xbox,,,73,7.4,12.1,22.4,https://store-images.s-microsoft.com/image/apps.36241.13691300234764634.6bd09c5e-3ea8-4ca5-9bd9-98e21eb55d43.ff3594fe-a85f-4633-b367-eb9adbb28cd8,109125,Goat Simulator 3,9NL3468NRPBG,
Tales of Kenzera™: ZAU,Xbox Game Pass,xbox-game-pass,Game Catalog,Ultimate/PC/Console,PC | Xbox,,,66,7.4,9.8,10.4,https://store-images.s-microsoft.com/image/apps.14704.13739435340883540.5769dd81-ea40-4ffd-9253-32bb306955bf.3b2bb572-7441-4734-ac43-47ab5662d7ae,141842,Tales of Kenzera: Zau,9NNNMBXFFG4W,
CloverPit,Xbox Game Pass,xbox-game-pass,Game Catalog,Ultimate/PC/Console,PC | Xbox,,,74,7.3,11.6,44.8,https://store-images.s-microsoft.com/image/apps.9434.14085185620146711.8f5a8243-ddbd-402c-a73b-a34645ee3d0b.c4d7c628-95d0-4ae8-aa20-706b27164cc3,162926,CloverPit,9P8V7HR160B4,
Gears of War: Reloaded,Xbox Game Pass,xbox-game-pass,Game Catalog,Ultimate/PC/Console,PC | Xbox,,,75,7.2,8.8,23.5,https://store-images.s-microsoft.com/image/apps.61144.14083498106527717.baf556ff-4380-4b5b-9e66-afb4977d6535.4a859985-0b7f-4da2-a9fe-a5e2e8296319,167795,Gears of War: Reloaded,9P8PS6993LSL,
Minishoot' Adventures,Xbox Game Pass,xbox-game-pass,Game Catalog,Ultimate/PC/Console,PC | Xbox,,,85,7.2,9.2,11.4,https://store-images.s-microsoft.com/image/apps.21673.14034134777008506.7f93c2af-ec4e-4905-a864-90af002fd3aa.284e8269-ba02-44e2-a240-3c9266046974,148000,Minishoot' Adventures,9N5PKH0KW2L1,
SUPERHOT: MIND CONTROL DELETE,Xbox Game Pass,xbox-game-pass,Game Catalog,Ultimate/PC/Console,PC | Xbox,,,71,7.2,12,14.5,https://store-images.s-microsoft.com/image/apps.24763.14383048766618347.734b0c9a-e030-4976-bf99-73f141752531.347d5269-0e81-483c-beed-f54d82584012,51504,SUPERHOT: MIND CONTROL DELETE,9NRH78B682L8,
DOOM 64,PlayStation Plus,playstation-plus,Classics Catalog,Premium,PS4,2020-03-20T04:00:00Z,false,75,7.1,9.2,10.5,https://image.api.playstation.com/vulcan/ap/rnd/202009/2405/HTPmcFGygxyELKsmy8cKBRHy.png,2709,Doom 64,UP1003-CUSA16287_00-DOOM64X199700000,https://store.playstation.com/en-us/concept/234454
DOOM 64,Xbox Game Pass,xbox-game-pass,Game Catalog,Ultimate/PC/Console,PC | Xbox,,,75,7.1,9.2,10.5,https://store-images.s-microsoft.com/image/apps.46055.13886780434132750.58497d0f-3220-4d2f-a7ff-96dcff27bc5f.4aac1ddb-3d94-42df-a4bb-cb2dc420c7fb,2709,Doom 64,9MXND4PQLK3W,
Gears of War: Judgment,Xbox Game Pass,xbox-game-pass,Game Catalog,Ultimate/PC/Console,PC | Xbox,,,68,7.1,8.2,9.7,https://store-images.s-microsoft.com/image/apps.44244.70323071690757883.aa344172-c923-4b38-a055-9ce9a093bc86.0f5d2994-3b99-4968-9b8b-ccdff7d7612f,3867,Gears of War: Judgment,BSHMMGRP84N4,
Overcooked! 2,Xbox Game Pass,xbox-game-pass,Game Catalog,Ultimate/PC/Console,PC | Xbox,,,80,7.1,11.8,25.5,https://store-images.s-microsoft.com/image/apps.60458.70952388438497888.9a8a7127-1933-427d-b864-f4857d4c02fd.734afa54-8396-4590-8a61-9565e4eeca71,57518,Overcooked! 2,BVJLKDG2TX8H,
Quake II,Xbox Game Pass,xbox-game-pass,Game Catalog,Ultimate/PC/Console,PC | Xbox,,,80,7.1,9.6,15.9,https://store-images.s-microsoft.com/image/apps.18071.14105366677060737.2503bfc2-efe7-4772-9a81-c5a231a5057d.3250d552-459e-4b9c-886d-ec3bebedcc98,7455,Quake II,9P7L9H478GGV,
FOR HONOR,PlayStation Plus,playstation-plus,Game Catalog | Ubisoft+ Classics,Extra/Premium,PS4,2024-03-14T13:00:00Z,false,66,7,10.9,18.3,https://image.api.playstation.com/vulcan/ap/rnd/202509/1221/60bc48d8a8baf08af18e528f59066ad1d56f3e550545118e.png,36385,For Honor,UP0001-CUSA05218_00-FHSTAN0000000000,https://store.playstation.com/en-us/concept/221694
FOR HONOR - Standard Edition,Xbox Game Pass,xbox-game-pass,Game Catalog,Ultimate/PC/Console,PC | Xbox,,,66,7,10.9,18.3,https://store-images.s-microsoft.com/image/apps.13935.13933975769179739.099ec08e-87f6-4b06-8d84-405337bde6c6.abbbdd32-4df6-45fe-8f60-f0fa3cef6540,36385,For Honor,9N3DWR830CVN,
FOR HONOR : MARCHING FIRE EDITION,Xbox Game Pass,xbox-game-pass,Game Catalog,Ultimate/PC/Console,PC | Xbox,,,66,7,10.9,18.3,https://store-images.s-microsoft.com/image/apps.64490.70708341341483707.d3a453ca-3a25-4286-8efe-09643a534aac.c75f9ba2-bab4-4001-8a2b-d116aa2a4b9c,36385,For Honor,C4CBF3FHHCND,
As Dusk Falls PS4® & PS5®,PlayStation Plus,playstation-plus,Game Catalog,Extra/Premium,PS4 | PS5,2024-03-07T14:00:00Z,true,,6.8,8.6,14.1,https://image.api.playstation.com/vulcan/ap/rnd/202401/1110/770bc4374605a43bf550afee091b6a05e416c239a7d73db3.png,81122,As Dusk Falls,UP4633-PPSA17818_00-0075138244833922,https://store.playstation.com/en-us/concept/10008922
As Dusk Falls,Xbox Game Pass,xbox-game-pass,Game Catalog,Ultimate/PC/Console,PC | Xbox,,,,6.8,8.6,14.1,https://store-images.s-microsoft.com/image/apps.46746.14387733153613072.28665954-14dc-4229-8e3c-0257e25089cb.46b89faa-6b2f-433b-aefc-16e5063ea2af,81122,As Dusk Falls,9NR7XDNVP5SW,
Trials Fusion,Xbox Game Pass,xbox-game-pass,Game Catalog,Ultimate/PC/Console,PC | Xbox,,,72,6.8,22.4,115.5,https://store-images.s-microsoft.com/image/apps.26754.71395082567433528.16735f42-b6d7-4b47-87c2-5eb0e8defe49.8247dcd7-6e6b-456b-94a4-7a58b6b7c88a,17507,Trials Fusion,BVCRSR6XSDW5,
Costume Quest 2,Xbox Game Pass,xbox-game-pass,Game Catalog,Ultimate/PC/Console,PC | Xbox,,,71,6.7,7.9,9.5,https://store-images.s-microsoft.com/image/apps.58046.64122308222742873.15d36f5b-53d3-4a06-b907-d3b4e9ffe2cc.4fb3feef-aac5-46ca-8225-212a45973493,21537,Costume Quest 2,BZ92FB6PWXFJ,
Dishonored®: Death of the Outsider™,PlayStation Plus,playstation-plus,Game Catalog,Extra/Premium,PS4,2017-09-15T04:00:00Z,false,76,6.6,11.6,18,https://image.api.playstation.com/vulcan/ap/rnd/202009/2920/mUjmWOusNIcAENORucmAnj1k.png,46419,Dishonored: Death of the Outsider,UP1003-CUSA08793_00-BLKHRT0000000000,https://store.playstation.com/en-us/concept/229481
Dishonored®: Death of the Outsider™,Xbox Game Pass,xbox-game-pass,Game Catalog,Ultimate/PC/Console,PC | Xbox,,,76,6.6,11.6,18,https://store-images.s-microsoft.com/image/apps.45510.67180938922431908.a2c2d9ea-42a1-4ddc-bf74-8b91562769cf.29da272d-e2a1-4934-b9e9-563227373143,46419,Dishonored: Death of the Outsider,C5F2XDQPPJKZ,
ROUTINE,Xbox Game Pass,xbox-game-pass,Game Catalog,Ultimate/PC/Console,PC | Xbox,,,75,6.6,6.8,7.7,https://store-images.s-microsoft.com/image/apps.30510.14172841759095673.813a49ea-ac20-4aed-8857-f3ba4b7e19a8.8e8b572b-39a7-488b-b70e-dd15021b4593,22546,Routine,9PCJT6TLCGGV,
Valiant Hearts: The Great War,Xbox Game Pass,xbox-game-pass,Game Catalog,Ultimate/PC/Console,PC | Xbox,,,81,6.6,7.4,9.2,https://store-images.s-microsoft.com/image/apps.24781.65058618232281657.63467f0d-c2fd-437f-a555-f7600b31c66b.2a5bb861-5ab9-4445-b962-f2df39c029e7,19503,Valiant Hearts: The Great War,C0X15TR4NP0B,
Assassin's Creed Chronicles: Russia,PlayStation Plus,playstation-plus,Game Catalog | Ubisoft+ Classics,Extra/Premium,PS4,2016-02-09T00:00:00Z,false,58,6.5,7.9,14.8,https://image.api.playstation.com/cdn/UP0001/CUSA01349_00/ycEteGspyp4jmol7LvRJNPzWaFNuq3n8.png,33659,Assassin's Creed Chronicles: Russia,UP0001-CUSA01349_00-ACCHRONICLESEP03,https://store.playstation.com/en-us/concept/212280
Undertale,PlayStation Plus,playstation-plus,Game Catalog,Extra/Premium,PS4,2023-07-18T15:00:00Z,false,,6.5,10.5,20.5,https://image.api.playstation.com/gs2-sec/appkgo/prod/CUSA09239_00/1/i_691ab24757a01bfc94c6f293abd4fac52478bdac0d5829388ceb9a4e4da9c7d1/i/icon0.png,30385,Undertale,UP3893-CUSA08801_00-0414152186658084,https://store.playstation.com/en-us/concept/228887
Assassin's Creed® Chronicles: Russia,Xbox Game Pass,xbox-game-pass,Game Catalog,Ultimate/PC/Console,PC | Xbox,,,58,6.5,7.9,14.8,https://store-images.s-microsoft.com/image/apps.26020.63247014866406746.df435824-51e5-4863-bbd3-185623886d0e.162824a0-0863-4412-bded-6df477103846,33659,Assassin's Creed Chronicles: Russia,BXQQQQ8HRBSF,
Iron Brigade,Xbox Game Pass,xbox-game-pass,Game Catalog,Ultimate/PC/Console,PC | Xbox,,,69,6.5,12.5,19.5,https://store-images.s-microsoft.com/image/apps.6592.70391876699030155.da5013c1-1068-4d6c-97e5-7f1b39fdf705.164a1729-3efa-4cde-8c58-606781818bf7,10637,Iron Brigade,BTKN78H28RPV,
New Super Lucky's Tale,Xbox Game Pass,xbox-game-pass,Game Catalog,Ultimate/PC/Console,PC | Xbox,,,76,6.4,8.8,10.6,https://store-images.s-microsoft.com/image/apps.42417.13867280688858311.8624d86c-7857-440e-9303-9897a29ba67e.42b5def2-8e7f-4ff7-a75b-72354e44d97e,71552,New Super Lucky's Tale,9MZN3SMXN824,
Ryse: Legendary Edition,Xbox Game Pass,xbox-game-pass,Game Catalog,Ultimate/PC/Console,PC | Xbox,,,70,6.4,8.3,20.1,https://store-images.s-microsoft.com/image/apps.60491.66576013357284579.8e928172-618d-454a-94ba-d0f0cb676ea8.c59cfbed-1b88-4a19-acf1-c85931197131,14345,Ryse: Son of Rome,C4F7ZHLN6B2J,
Human: Fall Flat PS4 & PS5,PlayStation Plus,playstation-plus,Game Catalog,Extra/Premium,PS4 | PS5,2021-06-24T13:00:00Z,true,71,6.3,12.3,25.5,https://image.api.playstation.com/vulcan/ap/rnd/202602/2414/cee9b1f4c4e68b0a6a0579eec34888a69a1082194b109a42.png,38887,Human: Fall Flat,UP4395-PPSA02431_00-HFFGAME000000PS5,https://store.playstation.com/en-us/concept/227139
Battlefield 4,Xbox Game Pass,xbox-game-pass,Game Catalog,Ultimate/PC/Console,PC | Xbox,,,73,6.3,9,17.6,https://store-images.s-microsoft.com/image/apps.18274.67660042887481018.7de2bfcd-48ef-4a6c-bba4-e65d208d67ec.f299bd07-f6b3-4870-b5e6-786c0a4c3e92,942,Battlefield 4,BP15SF17LH13,
Human Fall Flat,Xbox Game Pass,xbox-game-pass,Game Catalog,Ultimate/PC/Console,PC | Xbox,,,71,6.3,12.3,25.5,https://store-images.s-microsoft.com/image/apps.30824.69811231537758929.fc90ef4a-ab04-4596-8db8-fa6120f06b6b.d6da34fe-7499-4231-bd77-83df6499cc75,38887,Human: Fall Flat,BSMZH25V6V46,
Lara Croft and the Guardian of Light,Xbox Game Pass,xbox-game-pass,Game Catalog,Ultimate/PC/Console,PC | Xbox,,,74,6.3,8.2,16.4,https://store-images.s-microsoft.com/image/apps.17528.63534390885266689.ca30eabf-228a-44d6-850d-48cfca22564f.c1cb17a1-416e-441d-8ced-a350afb29dcb,5181,Lara Croft and the Guardian of Light,BX7XFZ51XTW8,
Max: The Curse of Brotherhood,Xbox Game Pass,xbox-game-pass,Game Catalog,Ultimate/PC/Console,PC | Xbox,,,73,6.3,7.9,10,https://store-images.s-microsoft.com/image/apps.34255.64425461392281454.879d20d4-a065-415c-8776-8483672ad5d1.25a30b51-1813-46f5-bc8c-610c11cdc021,15464,Max: The Curse of Brotherhood,C0SFCF4PBRSZ,
Battlefield™ V,Xbox Game Pass,xbox-game-pass,Game Catalog,Ultimate/PC/Console,PC | Xbox,,,68,6.2,9.8,36.2,https://store-images.s-microsoft.com/image/apps.242.64032621253256243.9745cf01-8239-4973-8193-31de18936f03.a8c3c497-3428-45cb-85b3-d84dcb2743bd,57352,Battlefield V,BZ2N7TQ0XCF2,
GRID Legends,Xbox Game Pass,xbox-game-pass,Game Catalog,Ultimate/PC/Console,PC | Xbox,,,68,6.2,26.4,79.2,https://store-images.s-microsoft.com/image/apps.37650.13561500935514596.eddcbba6-93d0-42cc-93d4-0f33eaa8a4e8.4e5cf9ec-9275-420b-8fcf-7d14d91addff,95926,GRID Legends,9NCT9L7NFHX7,
Assassin’s Creed® Chronicles: China,PlayStation Plus,playstation-plus,Game Catalog | Ubisoft+ Classics,Extra/Premium,PS4,2022-05-26T04:00:00Z,false,,6.1,9.2,17.6,https://image.api.playstation.com/cdn/EP0001/CUSA01329_00/qA4u9KjzEfxcYthpnp6VOnu4AQY3BKu3DYse6A5C5NarpzcF6jox44wj7EvAy6Lo.png,25195,Assassin's Creed Chronicles: China,UP0001-CUSA34563_00-ACCCSIEAFULLGAME,https://store.playstation.com/en-us/concept/200102
Assassin's Creed® Chronicles: China,Xbox Game Pass,xbox-game-pass,Game Catalog,Ultimate/PC/Console,PC | Xbox,,,,6.1,9.2,17.6,https://store-images.s-microsoft.com/image/apps.59589.63853504008037750.145dd84a-1548-4e2f-b47e-6705c5cf8f11.8c7a8626-ba4c-4cca-b1a0-e358b288521b,25195,Assassin's Creed Chronicles: China,BZQQ7HX8PZ05,
F1® 25,Xbox Game Pass,xbox-game-pass,Game Catalog,Ultimate/PC/Console,PC | Xbox,,,75,6.1,26,110.8,https://store-images.s-microsoft.com/image/apps.14105.14440852722460694.8e2c0727-2c64-434e-9a33-2ef751fed0b8.ea8b043a-0a46-4d87-9bd2-d1cc59324c38,166590,F1 25,9NWPW7F19FS5,
Death Squared,PlayStation Plus,playstation-plus,Game Catalog,Extra/Premium,PS4,2017-03-14T00:00:00Z,false,,6,7,9,https://image.api.playstation.com/cdn/UP3490/CUSA07764_00/kDZrvTkCs430iF2EDF5yCBQf7HLMGv7j.png,47424,Death Squared,UP3490-CUSA07764_00-1111212111112112,https://store.playstation.com/en-us/concept/225086
Great God Grove,Xbox Game Pass,xbox-game-pass,Game Catalog,Ultimate/PC/Console,PC | Xbox,,,78,6,7.7,9.5,https://store-images.s-microsoft.com/image/apps.29465.13938047926882205.478db89a-539b-4b20-956d-db969f740012.4807e127-c5eb-4e51-a9ac-623a9c9ce81e,150606,Great God Grove,9N36BLQF3FX6,
NINJA GAIDEN: Ragebound,Xbox Game Pass,xbox-game-pass,Game Catalog,Ultimate/PC/Console,PC | Xbox,,,78,6,9.3,14.9,https://store-images.s-microsoft.com/image/apps.51606.14186314712076006.978d20b2-62d5-4e8b-b4ad-6c6161e1aeca.23ca2e39-0055-49e3-975f-ce5e42c82eef,160587,Ninja Gaiden: Ragebound,9PGFSLP8GWQK,
Super Lucky's Tale,Xbox Game Pass,xbox-game-pass,Game Catalog,Ultimate/PC/Console,PC | Xbox,,,69,6,10,13.6,https://store-images.s-microsoft.com/image/apps.59988.14315077775214047.1727bea1-8d3c-4f02-ba4e-ca1614c98632.199d8c4c-652f-421f-a68c-f6c285885d03,46426,Super Lucky's Tale,9PLMGFWCFZ9G,
Wolfenstein: The Old Blood,PlayStation Plus,playstation-plus,Game Catalog,Extra/Premium,PS4,2015-05-05T04:00:00Z,false,75,5.9,8.5,15.8,https://image.api.playstation.com/vulcan/ap/rnd/202009/3005/xvisZlFdwfRCyUphggKQdwJ4.png,24484,Wolfenstein: The Old Blood,UP1003-CUSA01540_00-WOLFENSTEINBLOOD,https://store.playstation.com/en-us/concept/205293
Wolfenstein: The Old Blood,Xbox Game Pass,xbox-game-pass,Game Catalog,Ultimate/PC/Console,PC | Xbox,,,75,5.9,8.5,15.8,https://store-images.s-microsoft.com/image/apps.20849.14122383886801714.65a75288-1d4b-4744-b3e8-5eb9e5357c0a.11ba4652-6dae-421d-aaa6-b7289c8822f5,24484,Wolfenstein: The Old Blood,BPV4GXTDCNSH,
MONOPOLY Madness,PlayStation Plus,playstation-plus,Game Catalog | Ubisoft+ Classics,Extra/Premium,PS4,2021-12-09T05:00:00Z,false,49,5.8,6,6.7,https://image.api.playstation.com/vulcan/ap/rnd/202110/2907/33W7jKlA3MtWC8fNMDQKsa6K.png,101422,Monopoly Madness,UP0001-CUSA26329_00-MONOPOLYGAME0000,https://store.playstation.com/en-us/concept/10002216
Monopoly Madness,Xbox Game Pass,xbox-game-pass,Game Catalog,Ultimate/PC/Console,PC | Xbox,,,49,5.8,6,6.7,https://store-images.s-microsoft.com/image/apps.51782.14525699525425613.9329bf2d-2490-4f7b-bf0f-cdbaa75d45b4.41327cf9-d947-4bc2-9a32-33803ff75810,101422,Monopoly Madness,9P0RGJND5SR0,
Relooted,Xbox Game Pass,xbox-game-pass,Game Catalog,Ultimate/PC/Console,PC | Xbox,,,63,5.8,9.4,10,https://store-images.s-microsoft.com/image/apps.15777.14320824299519255.dcbcdae0-7b7f-4ec7-b428-8db1b8659f3d.6d074ad8-9b36-4bc2-a50e-a81188453880,169295,Relooted,9PPP5344B3LS,
Assassin's Creed Chronicles: India,PlayStation Plus,playstation-plus,Game Catalog | Ubisoft+ Classics,Extra/Premium,PS4,2016-01-13T00:00:00Z,false,61,5.7,7.3,14.1,https://image.api.playstation.com/cdn/UP0001/CUSA01348_00/hUy92PcexsWO7SzegAlJyNQTKrM6ZJ57.png,33522,Assassin's Creed Chronicles: India,UP0001-CUSA01348_00-ACCHRONICLESEP02,https://store.playstation.com/en-us/concept/205867
Assassin's Creed® Chronicles: India,Xbox Game Pass,xbox-game-pass,Game Catalog,Ultimate/PC/Console,PC | Xbox,,,61,5.7,7.3,14.1,https://store-images.s-microsoft.com/image/apps.29086.70425082533983523.ff1d078d-4642-493c-9cc6-2c51390ba69c.24575d9f-8275-4a2d-963b-ea01d51e2c04,33522,Assassin's Creed Chronicles: India,BTMS1PXLQ6P6,
Tempopo,Xbox Game Pass,xbox-game-pass,Game Catalog,Ultimate/PC/Console,PC | Xbox,,,56,5.7,25.1,,https://store-images.s-microsoft.com/image/apps.39751.14611568671300660.a5befa52-82c5-4efc-a1ef-241e5f06f8d8.b6d4c629-8ff8-49fe-b13c-6a4b2394b51c,152047,Tempopo,9P6X0VL8BXZF,
to a T,Xbox Game Pass,xbox-game-pass,Game Catalog,Ultimate/PC/Console,PC | Xbox,,,67,5.7,7.1,17.4,https://store-images.s-microsoft.com/image/apps.2593.13697941361368537.c32d8206-344a-43b2-89a4-39988b1759af.5ad9bdbb-5b13-4cb5-97de-0439bb2c76ee,130998,to a T,9NM6NMBJ7ZK4,
Costume Quest,Xbox Game Pass,xbox-game-pass,Game Catalog,Ultimate/PC/Console,PC | Xbox,,,73,5.6,6.6,7.4,https://store-images.s-microsoft.com/image/apps.18636.69532389726997442.230b98e2-1f17-47ab-9d5a-06afb771f0de.57d2c274-ba74-4d0a-a98f-24a4ca808a82,1947,Costume Quest,BR74RLMH966K,
Little Nightmares II Enhanced Edition,Xbox Game Pass,xbox-game-pass,Game Catalog,Ultimate/PC/Console,PC | Xbox,,,81,5.6,6.6,8.7,https://store-images.s-microsoft.com/image/apps.31716.64860558234786024.c6d17f3a-2d73-46e6-8a1e-c828e528d51f.15e3df91-43f0-4055-8d0c-fcd4ef265c93,69805,Little Nightmares II,C1H74N0TR8KT,
Minecraft Dungeons,Xbox Game Pass,xbox-game-pass,Game Catalog,Ultimate/PC/Console,PC | Xbox,,,67,5.6,12.6,34.2,https://store-images.s-microsoft.com/image/apps.33021.14045794648370014.2229d39b-90c3-496e-8fac-9987450ca4d8.1d642353-a1d9-490f-882f-e5f16a5b82de,68149,Minecraft Dungeons,9N8NJ74FZTG9,
Lonely Mountains: Downhill,PlayStation Plus,playstation-plus,Game Catalog,Extra/Premium,PS4,2019-10-23T04:00:00Z,false,,5.5,14.5,35.5,https://image.api.playstation.com/vulcan/img/cfn/11307D1OiuG8o8kXjxLuf-J7KQaHPZXrama41hi3SsHPplGUulzm-ov2J46-TgA7ExZaMzY4jg5SKov1Ff4jopR5RK4lUQB7.png,71406,Lonely Mountains Downhill,UP5180-CUSA15961_00-0000000000000000,https://store.playstation.com/en-us/concept/234290
Brotato,Xbox Game Pass,xbox-game-pass,Game Catalog,Ultimate/PC/Console,PC | Xbox,,,77,5.4,23,63.5,https://store-images.s-microsoft.com/image/apps.34767.14130976257579640.bd7a2231-2a21-4516-807a-46a50286744a.614cc94b-88ac-4943-bbbd-b73979590c69,114144,Brotato,9P9VNSQK1W3K,
Monster Train 2,Xbox Game Pass,xbox-game-pass,Game Catalog,Ultimate/PC/Console,PC | Xbox,,,81,5.4,37.8,134.1,https://store-images.s-microsoft.com/image/apps.49681.13679035728642800.49d6c527-ad8c-4dc9-8d35-edbd72e5ef8a.ea677b4d-460f-4db5-b63d-6a146097d387,164271,Monster Train 2,9NJC29JG70LM,
Quake,Xbox Game Pass,xbox-game-pass,Game Catalog,Ultimate/PC/Console,PC | Xbox,,,80,5.4,7.7,17.3,https://store-images.s-microsoft.com/image/apps.28466.14497943460299347.698189cd-abde-4390-8de0-c7c0eba77ee7.5ba95be5-47a5-4c64-81a9-a272ef8d1ab4,7452,Quake,9P1Z43KRNQD4,
Peggle 2,Xbox Game Pass,xbox-game-pass,Game Catalog,Ultimate/PC/Console,PC | Xbox,,,74,5.3,12.3,37.8,https://store-images.s-microsoft.com/image/apps.63323.67897516232762656.798d5423-ae25-4369-b9f2-33205af62a6f.a1c62ace-b09e-417f-913e-528d6f4ca5e6,15272,Peggle 2,BNCZHKWRZ7BR,
Day of the Tentacle Remastered,Xbox Game Pass,xbox-game-pass,Game Catalog,Ultimate/PC/Console,PC | Xbox,,,78,5.2,5.8,6.4,https://store-images.s-microsoft.com/image/apps.18669.13659998887820416.ac97c487-e49c-4236-a48f-681c4095040e.27089192-fc55-4fcc-910d-aebc79555211,2285,Day of the Tentacle,9NKK6CX54183,
Lara Croft and the Temple of Osiris,Xbox Game Pass,xbox-game-pass,Game Catalog,Ultimate/PC/Console,PC | Xbox,,,68,5.2,7,13.7,https://store-images.s-microsoft.com/image/apps.45852.66406861093311956.5a3a6cc5-ae0d-478d-aa71-eeec71b3768a.ab674b22-40af-41d9-9c2b-68aa18f705d5,21699,Lara Croft and the Temple of Osiris,C3553MB4P5TT,
Unravel Two,Xbox Game Pass,xbox-game-pass,Game Catalog,Ultimate/PC/Console,PC | Xbox,,,76,5.1,7.3,14.4,https://store-images.s-microsoft.com/image/apps.6886.67435278791875206.d60b3a6b-61b2-4afb-9c4c-453efe4ef48e.5851cf69-55b2-4383-a019-fb601fb993db,57358,Unravel Two,C4VKLMG1HLZW,
Deliver Us The Moon PS4 & PS5,PlayStation Plus,playstation-plus,Game Catalog,Extra/Premium,PS5,2022-06-23T12:00:00Z,true,,5,6,6.5,https://image.api.playstation.com/vulcan/ap/rnd/202203/2216/nbNXIr7w4moRpBuFCEw1tEci.png,71372,Deliver Us The Moon,UP4382-PPSA04137_00-DUTMPS5000000000,https://store.playstation.com/en-us/concept/234692
33 Immortals,Xbox Game Pass,xbox-game-pass,Game Catalog,Ultimate/PC/Console,PC | Xbox,,,71,5,50,,https://store-images.s-microsoft.com/image/apps.2377.14090162823233215.5f027b60-c9ed-4eea-ad07-8091580faccc.a49b63e1-962f-4afc-ba9a-6385aba2159d,129952,33 Immortals,9P8LR42PTRGJ,
Blizzard® Arcade Collection,Xbox Game Pass,xbox-game-pass,Game Catalog,Ultimate/PC/Console,PC | Xbox,,,80,5,,17.5,https://store-images.s-microsoft.com/image/apps.63456.14476509560334391.de75c8bf-1fb8-430a-8b78-9eebf05f3f4f.0a755e18-2ff2-422b-a7e3-c9045214b0f4,88968,Blizzard Arcade Collection,9NZP7NKR2QWG,
Descenders,Xbox Game Pass,xbox-game-pass,Game Catalog,Ultimate/PC/Console,PC | Xbox,,,70,5,13,70.2,https://store-images.s-microsoft.com/image/apps.22806.65934155925401073.332e7c23-85a6-43b3-a586-2f915e27a737.f779bef0-3997-4eba-94f0-7b88eb3a74b4,55598,Descenders,C37XBX7DCBZ0,
Ben 10: Power Trip,PlayStation Plus,playstation-plus,Game Catalog,Extra/Premium,PS4 | PS5,2022-09-28T04:00:00Z,true,52,4.9,7.4,14.8,https://image.api.playstation.com/vulcan/ap/rnd/202008/1216/Nac5PYA3xwUtLz1KsF9EFzfr.png,83992,Ben 10: Power Trip,UP3824-PPSA08358_00-6955715158927034,https://store.playstation.com/en-us/concept/234613
Ben 10: Power Trip,Xbox Game Pass,xbox-game-pass,Game Catalog,Ultimate/PC/Console,PC | Xbox,,,52,4.9,7.4,14.8,https://store-images.s-microsoft.com/image/apps.30849.13672727399820228.e1322d27-4961-46da-9c7b-c310d3e28cb1.90cdc8cc-0bdd-4b06-ba46-71549ba3bf46,83992,Ben 10: Power Trip,9NJWFF2KHL6H,
UNO®,PlayStation Plus,playstation-plus,Game Catalog | Ubisoft+ Classics,Extra/Premium,PS4 | PS5,2023-10-17T04:00:00Z,true,69,4.8,8.8,17.9,https://image.api.playstation.com/vulcan/ap/rnd/202309/1415/d664b3a660165397e3b1890fc79ade6c2338e9812b2ab420.png,70239,Uno,UP0001-PPSA15317_00-UBSFTUNOSTANDARD,https://store.playstation.com/en-us/concept/217373
UNO™,Xbox Game Pass,xbox-game-pass,Game Catalog,Ultimate/PC/Console,PC | Xbox,,,69,4.8,8.8,17.9,https://store-images.s-microsoft.com/image/apps.12882.67582047191807640.1f6942f5-d7bc-46df-a9db-2fa15b28dfdf.5f4dad78-5dd6-4c01-ba28-e6837436b5a1,70239,Uno,BNSDHDK45KBR,
Easy Delivery Co.,Xbox Game Pass,xbox-game-pass,Game Catalog,Ultimate/PC/Console,PC | Xbox,,,75,4.7,5.8,7.3,https://store-images.s-microsoft.com/image/apps.37632.14156976155849797.4080179d-9c03-44a9-8dea-d7e0c551a9c9.4d914bb9-b5e6-4bcc-a21a-88d433f77d08,167527,Easy Delivery Co.,9PDC8J1BSV8B,
The Gunk,Xbox Game Pass,xbox-game-pass,Game Catalog,Ultimate/PC/Console,PC | Xbox,,,70,4.7,5.6,6.5,https://store-images.s-microsoft.com/image/apps.1452.14466083566107896.f1b98327-0240-4097-b759-cc5bd89ee66e.5da87010-64a5-4dfb-9396-5e88d1630886,81125,The Gunk,9P008L2LS87F,
Dome Keeper,Xbox Game Pass,xbox-game-pass,Game Catalog,Ultimate/PC/Console,PC | Xbox,,,72,4.6,12.9,33.2,https://store-images.s-microsoft.com/image/apps.2975.14079008461384212.b22d67d3-497d-402a-afdb-593cf2c91f54.dddb5e3c-74ec-4111-9b68-c3eae1b48fc2,109776,Dome Keeper,9P8XKV2D5DZ5,
Genesis Noir,Xbox Game Pass,xbox-game-pass,Game Catalog,Ultimate/PC/Console,PC | Xbox,,,65,4.6,5.1,5.3,https://store-images.s-microsoft.com/image/apps.47660.14234812946294583.310a0a84-edb2-482c-a55c-b54922972168.5e4dc17c-f718-434b-af30-e18465dd00f1,49812,Genesis Noir,9PHK9D8CLQCG,
Keeper,Xbox Game Pass,xbox-game-pass,Game Catalog,Ultimate/PC/Console,PC | Xbox,,,76,4.6,5.1,5.3,https://store-images.s-microsoft.com/image/apps.23540.13566978592979529.a309a78d-6446-4646-b4cf-5f86cff39735.96aa6660-fe83-42f0-8903-4a95eb89e93f,44583,Keeper,9NCJWHHMVHR0,
Nickelodeon All-Star Brawl 2,Xbox Game Pass,xbox-game-pass,Game Catalog,Ultimate/PC/Console,PC | Xbox,,,61,4.6,7.7,19.8,https://store-images.s-microsoft.com/image/apps.29212.14288058754217024.34c1b6b9-953f-418c-9ab0-c1ebd8ce9cbc.bc41e6ef-5fee-4474-8404-54acf0fa5a42,132131,Nickelodeon All-Star Brawl 2,9PN0LC4CNLPT,
The Cave,Xbox Game Pass,xbox-game-pass,Game Catalog,Ultimate/PC/Console,PC | Xbox,,,71,4.6,7.8,14,https://store-images.s-microsoft.com/image/apps.27920.70810867970347130.410142ba-8532-4103-a57d-3ce3ad8a5b6f.e1e8cc06-6c71-49ba-82c3-317007bf9381,9803,The Cave,BTBWBGKPKS97,
Wheel World,Xbox Game Pass,xbox-game-pass,Game Catalog,Ultimate/PC/Console,PC | Xbox,,,70,4.6,6.8,12.7,https://store-images.s-microsoft.com/image/apps.21010.13648167123945660.0abed91b-bdc3-4159-bfec-9e1ba1ec545f.67ae98f9-3c79-411a-9e1d-a52910141e17,131000,Wheel World,9NGCFDHR2MV3,
FAR CRY 3: BLOOD DRAGON CLASSIC EDITION,PlayStation Plus,playstation-plus,Game Catalog | Ubisoft+ Classics,Extra/Premium,PS4,2021-12-16T05:00:00Z,false,77,4.4,7.1,8.7,https://image.api.playstation.com/vulcan/ap/rnd/202109/2807/05hPdxRVrx089lEtsoa45Yus.png,3379,Far Cry 3: Blood Dragon,UP0001-CUSA29007_00-FC3BDMASTERPS400,https://store.playstation.com/en-us/concept/10003269
Far Cry® 3 Classic Edition,PlayStation Plus,playstation-plus,Game Catalog | Ubisoft+ Classics,Extra/Premium,PS4,2018-05-29T04:00:00Z,false,77,4.4,7.1,8.7,https://image.api.playstation.com/cdn/UP0001/CUSA10357_00/YoJmqdJ3jDHz0ZQI6DrkzofAXaATiA8K.png,3379,Far Cry 3: Blood Dragon,UP0001-CUSA10357_00-FARCRY3REMASTER0,https://store.playstation.com/en-us/concept/231486
Far Cry 3 Blood Dragon Classic Edition,Xbox Game Pass,xbox-game-pass,Game Catalog,Ultimate/PC/Console,PC | Xbox,,,77,4.4,7.1,8.7,https://store-images.s-microsoft.com/image/apps.59868.14398170082788055.39f3a948-ce24-48db-9c27-8712bd291d87.a623bc5e-e37f-41d8-9d17-e961d2e3e7d1,3379,Far Cry 3: Blood Dragon,9NVJ4L71DF5Q,
Far Cry 3 Classic Edition,Xbox Game Pass,xbox-game-pass,Game Catalog,Ultimate/PC/Console,PC | Xbox,,,77,4.4,7.1,8.7,https://store-images.s-microsoft.com/image/apps.1920.71220804959101191.bad88979-60b4-40b4-af6d-182d4534c987.1bd53913-3aff-42c9-8d2b-fb0467e78e72,3379,Far Cry 3: Blood Dragon,BV2ZVP7PJZWL,
Assassin's Creed® Freedom Cry,PlayStation Plus,playstation-plus,Game Catalog | Ubisoft+ Classics,Extra/Premium,PS4,2014-02-18T05:00:00Z,false,67,4.2,6,7.4,https://image.api.playstation.com/cdn/UP0001/CUSA00416_00/ua5ZZj07fKx0s26KH8BKGoBeNA577dMg.png,15441,Assassin's Creed: Freedom Cry,UP0001-CUSA00416_00-ACBFDLCSPSA00001,https://store.playstation.com/en-us/concept/200098
Battletoads,Xbox Game Pass,xbox-game-pass,Game Catalog,Ultimate/PC/Console,PC | Xbox,,,66,4.2,5.4,8.2,https://store-images.s-microsoft.com/image/apps.14695.14065499269907016.670ddf59-3954-4cfa-927c-60562b664545.56c9f977-b0a8-4b8e-8644-609b768fbc51,80699,Battletoads,9N7GCF5SGCXC,
Jetpac Refuelled,Xbox Game Pass,xbox-game-pass,Game Catalog,Ultimate/PC/Console,PC | Xbox,,,53,4.2,,,https://store-images.s-microsoft.com/image/apps.26930.69343806087581010.9d19b719-d021-482c-8642-b4a9226e2382.c5c31306-5bed-4527-a7d5-e0b2a2f1a961,21825,Jetpac Refuelled,BRRVN5198461,
INDIKA,PlayStation Plus,playstation-plus,Game Catalog,Extra/Premium,PS5,2024-05-17T10:00:00Z,true,73,4.1,4.5,5,https://image.api.playstation.com/vulcan/ap/rnd/202310/1114/2ab11b93f3b922d21a0c77af4baf962952e4e4d4ac775641.png,139446,Indika,UP4361-PPSA16215_00-0000000000INDIKA,https://store.playstation.com/en-us/concept/10008296
Wobbly Life,PlayStation Plus,playstation-plus,Monthly Games,Essential/Extra/Premium,PS4 | PS5,2025-09-18T17:00:00Z,true,69,4.1,20,25,https://image.api.playstation.com/vulcan/ap/rnd/202212/0810/iCrnQDLqgGBSnHkTFbOzQX2Q.png,94401,Wobbly Life,UP7742-PPSA29413_00-0632159817352246,https://store.playstation.com/en-us/concept/10004896
Halo: Spartan Assault,Xbox Game Pass,xbox-game-pass,Game Catalog,Ultimate/PC/Console,PC | Xbox,,,59,4.1,5.6,16.7,https://store-images.s-microsoft.com/image/apps.34586.70634858521726340.aed5ca97-d1dc-4d71-ae1f-b3f94bf8b727.2b005ed6-f545-40d3-b5f0-8905ca07b05d,4272,Halo: Spartan Assault,BV0K9LMLQ9W5,
INDIKA,Xbox Game Pass,xbox-game-pass,Game Catalog,Ultimate/PC/Console,PC | Xbox,,,73,4.1,4.5,5,https://store-images.s-microsoft.com/image/apps.36606.13929914726070906.c9e03a60-d9a2-4eb2-aadd-7402c3ec742e.57b2ec5c-65a5-40ca-8330-782f46cb71a6,139446,Indika,9N020KFQG301,
Wobbly Life,Xbox Game Pass,xbox-game-pass,Game Catalog,Ultimate/PC/Console,PC | Xbox,,,69,4.1,20,25,https://store-images.s-microsoft.com/image/apps.14861.14372274785244461.706c2fec-9d0d-41b1-843a-98970af758ca.5a8c5187-0227-4953-9b09-243bc0da2189,94401,Wobbly Life,9NS86BQ33SPX,
Call of The Sea,PlayStation Plus,playstation-plus,Game Catalog,Extra/Premium,PS4 | PS5,2021-05-11T10:00:00Z,true,,4,5,0,https://image.api.playstation.com/vulcan/ap/rnd/202310/1014/349a0153e57b5c614e3a72ef3caa9e82de422d194dc92d1f.png,77918,Call of the Sea,UP2320-PPSA01545_00-CALLOFTHESEA0000,https://store.playstation.com/en-us/concept/10000938
Risk® Urban Assault,PlayStation Plus,playstation-plus,Game Catalog | Ubisoft+ Classics,Extra/Premium,PS4,2016-08-02T00:00:00Z,false,80,4,7,,https://image.api.playstation.com/cdn/UP0001/CUSA02108_00/eH7Kp35c9PAvq5ed28URPIPXTje1xPGA.png,68867,Risk: Urban Assault,UP0001-CUSA02108_00-RISKGAMEPS400004,https://store.playstation.com/en-us/concept/210671
Drop Duchy - Complete Edition,Xbox Game Pass,xbox-game-pass,Game Catalog,Ultimate/PC/Console,PC | Xbox,,,71,4,13.7,42,https://store-images.s-microsoft.com/image/apps.38602.14488445922975122.1488f171-486a-4fe8-a1a2-81caa1fce1ef.f50651b9-6160-4241-aaee-5c798359eb1f,164496,Drop Duchy,9NXVPTB0FXSZ,
Full Throttle Remastered,Xbox Game Pass,xbox-game-pass,Game Catalog,Ultimate/PC/Console,PC | Xbox,,,72,4,4.5,4.6,https://store-images.s-microsoft.com/image/apps.7896.14598891268352765.09cb1dd7-f055-4038-983d-2721763eedbe.0bab6c1b-43ce-423d-86ae-ced85f951431,44400,Full Throttle Remastered,9P3ZRGNQVC7D,
Risk: Urban Assault,Xbox Game Pass,xbox-game-pass,Game Catalog,Ultimate/PC/Console,PC | Xbox,,,80,4,7,,https://store-images.s-microsoft.com/image/apps.25594.70839690240715142.f15caf94-16cc-494d-8e3d-9a13c83cc179.69f11b6b-d276-488b-8a93-574ae17f3855,68867,Risk: Urban Assault,BTDRTXBKDBRR,
Stacking,Xbox Game Pass,xbox-game-pass,Game Catalog,Ultimate/PC/Console,PC | Xbox,,,74,4,6.1,9.1,https://store-images.s-microsoft.com/image/apps.500.64615060725861697.1098676d-1037-4efe-b5a3-bdc0a5c1df21.062d5d70-185d-4e8a-b6f4-85fbf6753cb2,9024,Stacking,C042M8GWKS34,
The Walking Dead: Michonne - The Complete Season,Xbox Game Pass,xbox-game-pass,Game Catalog,Ultimate/PC/Console,PC | Xbox,,,68,4,4.1,4.2,https://store-images.s-microsoft.com/image/apps.21725.66252839971129113.8f5f5ae5-f77d-4f3c-8388-3b220332b617.4c26174a-a955-4310-b9fc-fb9e561f7a9c,33662,The Walking Dead: Michonne,C2XNJC9WK15X,
GRIS,PlayStation Plus,playstation-plus,Game Catalog,Extra/Premium,PS4,2019-11-26T05:00:00Z,false,80,3.6,4.1,6.4,https://image.api.playstation.com/vulcan/img/cfn/11307bIxjIMQt1HT4aykDM4SQgGwuvxiFkCo-ALOMB2gU1G4e3n9d7OE2BFtI8rEcN2hpy_SY6SK8ijSMqaxgoMAZm41S5G0.png,62257,GRIS,UP3643-CUSA16694_00-GRISPS4SIEA00000,https://store.playstation.com/en-us/concept/234650
GRIS | PS4 & PS5,PlayStation Plus,playstation-plus,Game Catalog,Extra/Premium,PS4 | PS5,2022-12-13T17:00:00Z,true,80,3.6,4.1,6.4,https://image.api.playstation.com/vulcan/ap/rnd/202210/2621/erwvzuQhwWYIg8EJYkxawE8a.png,62257,GRIS,UP3643-PPSA09803_00-0213898888783272,https://store.playstation.com/en-us/concept/234650
INSIDE,Xbox Game Pass,xbox-game-pass,Game Catalog,Ultimate/PC/Console,PC | Xbox,,,82,3.6,4,4.7,https://store-images.s-microsoft.com/image/apps.26010.65290118777571754.27f1da0f-d581-4307-9bec-41016a2e5567.7b9d8bfe-920c-447d-a3f0-fa336b8d077f,21694,Inside,C17GQF31D617,
LIMBO,Xbox Game Pass,xbox-game-pass,Game Catalog,Ultimate/PC/Console,PC | Xbox,,,76,3.6,4.2,6.7,https://store-images.s-microsoft.com/image/apps.45363.70505351891869244.31919849-717c-43fc-978a-de5dbc419999.dab5bb55-c299-4b75-aed3-c093a58f5307,5304,Limbo,BTQMHK78ZPF9,
Little Nightmares Enhanced Edition,Xbox Game Pass,xbox-game-pass,Game Catalog,Ultimate/PC/Console,PC | Xbox,,,78,3.6,5.2,9,https://store-images.s-microsoft.com/image/apps.20659.13618644328730837.23923776-fca2-4648-ba91-379bbdb97ba6.2507b187-e402-4a44-8b66-0ca6a71bd940,39417,Little Nightmares,9N8Q6DRTG22H,
FBC: Firebreak,PlayStation Plus,playstation-plus,Game Catalog,Extra/Premium,PS5,2025-06-17T10:00:00Z,true,53,3.5,9.9,20.9,https://image.api.playstation.com/vulcan/ap/rnd/202503/2021/f5501077a988db7398b676beae67f1bec17d5c89883eacd6.png,158252,FBC: Firebreak,EP5291-PPSA25944_00-064838567952FBCF,https://store.playstation.com/en-us/concept/10012303
Brews & Bastards,Xbox Game Pass,xbox-game-pass,Game Catalog,Ultimate/PC/Console,PC | Xbox,,,70,3.5,,,https://store-images.s-microsoft.com/image/apps.46399.14323689942358177.144c1934-2a56-47eb-9968-ede6fa4c4027.3fe1f34a-830d-4716-9069-b56b234af99e,180316,Brews & Bastards,9PPR10S4JNLV,
FBC: Firebreak,Xbox Game Pass,xbox-game-pass,Game Catalog,Ultimate/PC/Console,PC | Xbox,,,53,3.5,9.9,20.9,https://store-images.s-microsoft.com/image/apps.53041.14156548122363733.4f126492-95e8-406b-9e86-dfd11800657e.82c7461e-888e-4d13-95af-3f5a413e77b8,158252,FBC: Firebreak,9PDCN8Z4HKRN,
MARVEL Cosmic Invasion,Xbox Game Pass,xbox-game-pass,Game Catalog,Ultimate/PC/Console,PC | Xbox,,,74,3.5,5.5,10.7,https://store-images.s-microsoft.com/image/apps.58716.14072829118255167.ff1664d8-c187-4947-9c20-847c3ddd6dae.7260471c-a3d0-44a0-b6f0-ffb461d8c58c,165834,Marvel Cosmic Invasion,9N79TQTZTQQ4,
Contrast,Xbox Game Pass,xbox-game-pass,Game Catalog,Ultimate/PC/Console,PC | Xbox,,,66,3.3,3.7,4.1,https://store-images.s-microsoft.com/image/apps.19374.69833471246794389.8c89db73-09ce-4d32-a517-3dd3f2acf25f.d80b8b92-815d-4eed-a529-c7ba2376e8bf,14349,Contrast,BSLTQT4L0RLV,
Herdling,Xbox Game Pass,xbox-game-pass,Game Catalog,Ultimate/PC/Console,PC | Xbox,,,71,3.3,3.5,4.5,https://store-images.s-microsoft.com/image/apps.34729.13742556933276558.09935f63-bc59-4aec-9e7d-67306264be9b.881413f4-49e1-4253-8a00-f44f1e1d11e8,155654,Herdling,9NNHK7K8RV9C,
Trials of The Blood Dragon,PlayStation Plus,playstation-plus,Game Catalog | Ubisoft+ Classics,Extra/Premium,PS4,2016-06-13T04:00:00Z,false,65,3.2,4.8,8.6,https://image.api.playstation.com/cdn/UP0001/CUSA04198_00/ScgUh2avikqDYMpdWYKtvySpldnb2CTQ.png,37972,Trials of the Blood Dragon,UP0001-CUSA04198_00-TRIALSBDGAME1234,https://store.playstation.com/en-us/concept/216382
Trials of the Blood Dragon,Xbox Game Pass,xbox-game-pass,Game Catalog,Ultimate/PC/Console,PC | Xbox,,,65,3.2,4.8,8.6,https://store-images.s-microsoft.com/image/apps.40001.68666534148093958.e11f94a3-2e7b-4ee5-857d-0a4b518451ed.10607be4-046c-4e28-afd7-b906c593e07d,37972,Trials of the Blood Dragon,BPPR6D5C2GLF,
Fuzion Frenzy®,Xbox Game Pass,xbox-game-pass,Game Catalog,Ultimate/PC/Console,PC | Xbox,,,67,3.1,14.9,,https://store-images.s-microsoft.com/image/apps.29460.65553901453292980.5f73bae7-0b93-4345-bf12-87df77ec6f05.2e554579-0c20-4b04-89a5-e6cbce60d4a0,3768,Fuzion Frenzy,C2P985H1H42H,
Rush: A DisneyPixar Adventure,Xbox Game Pass,xbox-game-pass,Game Catalog,Ultimate/PC/Console,PC | Xbox,,,63,3.1,6.7,7.3,https://store-images.s-microsoft.com/image/apps.54193.14538559069860396.375a4717-d4e1-4c14-b278-f4787b52d21a.8ccfcf77-d0bc-4895-a1e6-f70806a4a045,8029,RUSH,9P3PL76N0KWZ,
Untitled Goose Game,PlayStation Plus,playstation-plus,Game Catalog,Extra/Premium,PS4,2019-12-17T05:00:00Z,false,,3,4,5,https://image.api.playstation.com/vulcan/img/rnd/202009/0405/GO4TUY9mA2UNJ54R0NPEEEBf.png,66086,Untitled Goose Game,UP3971-CUSA23079_00-HONKHONKHONKHONK,https://store.playstation.com/en-us/concept/10000039
Valiant Hearts: The Great War™,PlayStation Plus,playstation-plus,Game Catalog | Ubisoft+ Classics,Extra/Premium,PS4,2014-06-24T00:00:00Z,false,68,3,3.2,4.1,https://image.api.playstation.com/cdn/UP0001/CUSA00478_00/7iLF8pcDZI706eKbaB6d1nYRDMKZWaXB.png,118593,Valiant Hearts: Coming Home,UP0001-CUSA00478_00-VALIANTHEARTS001,https://store.playstation.com/en-us/concept/205194
Totally Reliable Delivery Service,PlayStation Plus,playstation-plus,Game Catalog,Extra/Premium,PS5 | PS4,2025-10-22T13:00:00Z,true,52,2.9,9.1,11.2,https://image.api.playstation.com/vulcan/img/rnd/202107/1214/KhPFGXb5uGoe2AFAinc7Ek08.png,69333,Totally Reliable Delivery Service,UB0821-PPSA28854_00-TOTALLYRELIABLE1,https://store.playstation.com/en-us/concept/10000393
Totally Reliable Delivery Service,Xbox Game Pass,xbox-game-pass,Game Catalog,Ultimate/PC/Console,PC | Xbox,,,52,2.9,9.1,11.2,https://store-images.s-microsoft.com/image/apps.57565.14481391283536320.2e278a9d-b63d-454a-a60e-ac81b25b445c.392440ba-2841-42da-9eae-3624c032300b,69333,Totally Reliable Delivery Service,9NZG72SH3H4W,
"Little Kitty, Big City",Xbox Game Pass,xbox-game-pass,Game Catalog,Ultimate/PC/Console,PC | Xbox,,,76,2.7,4.2,6.7,https://store-images.s-microsoft.com/image/apps.23046.13605545843678606.ba639605-7305-422e-9637-2411fb07e5f6.bd9eb348-15e6-4bac-985b-175c9f44a105,94215,"Little Kitty, Big City",9NF5S7MLM8XT,
Eagle Flight,PlayStation Plus,playstation-plus,Game Catalog | Ubisoft+ Classics,Extra/Premium,PS4,2016-11-08T00:00:00Z,false,69,2.5,3.8,8,https://image.api.playstation.com/cdn/UP0001/CUSA04900_00/5SChKVJ1f23oipxyg0KyhPGBeiQ9Bz4w.png,39407,Eagle Flight,UP0001-CUSA04900_00-EAGLEFLIGHTGAME0,https://store.playstation.com/en-us/concept/216171
Power Rangers: Battle For The Grid,PlayStation Plus,playstation-plus,Game Catalog,Extra/Premium,PS4,2019-04-02T04:00:00Z,false,,2.5,6,0,https://image.api.playstation.com/cdn/UP4827/CUSA15145_00/8SF61SoBSGvTqxFB9uqgjdvBKnlipoPE.png,65929,Power Rangers Battle for the Grid,UP4827-CUSA15145_00-BATTLEFORTHEGRID,https://store.playstation.com/en-us/concept/233468
The Gardens Between,PlayStation Plus,playstation-plus,Game Catalog,Extra/Premium,PS4 | PS5,2022-06-16T09:00:00Z,true,,2.5,2.5,2.5,https://image.api.playstation.com/vulcan/ap/rnd/202108/1006/yfnLy15X9en69ddxdcgAaO5C.png,56088,The Gardens Between,UP4266-PPSA04579_00-GARDENSBETWEEN00,https://store.playstation.com/en-us/concept/231167
Joy Ride Turbo,Xbox Game Pass,xbox-game-pass,Game Catalog,Ultimate/PC/Console,PC | Xbox,,,61,2.5,3.6,5.2,https://store-images.s-microsoft.com/image/apps.55462.65697580773346286.de1a7dea-d35c-459d-a15c-a737811ee00f.6e8da1e2-791b-4bc8-aaf6-a2665f7cdc90,4875,Joy Ride Turbo,C1ZWH2BZ9TSF,
Killer Instinct: Anniversary Edition,Xbox Game Pass,xbox-game-pass,Game Catalog,Ultimate/PC/Console,PC | Xbox,,,72,2.4,27.4,334.2,https://store-images.s-microsoft.com/image/apps.61867.13952178927417910.ff893240-27f8-4a82-baab-c24dbb3d822c.b65559b7-849b-4bfc-8d99-72bd1f8fc31c,14350,Killer Instinct,9N2HB4MWG7HM,
Clone Drone in the Danger Zone,Xbox Game Pass,xbox-game-pass,Game Catalog,Ultimate/PC/Console,PC | Xbox,,,72,2.2,15.5,37.9,https://store-images.s-microsoft.com/image/apps.10871.13656707570024266.6eb12281-8416-458c-8123-d1d704e3a0c1.673f1bce-d5ef-4702-ab43-747ff9ed44c2,46204,Clone Drone in the Danger Zone,9NKHKBQJSSC3,
Gang Beasts,Xbox Game Pass,xbox-game-pass,Game Catalog,Ultimate/PC/Console,PC | Xbox,,,69,2.2,5.3,7.5,https://store-images.s-microsoft.com/image/apps.27333.68150164172276526.ddc374d7-ef5e-43b9-940a-bbc04440bb33.fa908ac2-c1a8-4d1b-9652-c977565a8111,23050,Gang Beasts,BPQZT43FWD49,
Wheel of Fortune®,PlayStation Plus,playstation-plus,Game Catalog | Ubisoft+ Classics,Extra/Premium,PS4,2017-11-07T00:00:00Z,false,59,2,4,11.7,https://image.api.playstation.com/cdn/UP0001/CUSA09059_00/SK78PTX0ThaXIcpCurBStdQP1zmyYs1Z.png,76716,Wheel of Fortune,UP0001-CUSA09059_00-WHEELOFFORTUNE01,https://store.playstation.com/en-us/concept/229531
Donut County,Xbox Game Pass,xbox-game-pass,Game Catalog,Ultimate/PC/Console,PC | Xbox,,,72,2,2.1,2.6,https://store-images.s-microsoft.com/image/apps.60906.14011542784181932.80ac6320-df7b-4be6-9355-e9083a5d2063.06135ea0-0572-4ed3-b5a2-e0a158e3144d,51323,Donut County,9N6V2181GHLM,
Young Suns,Xbox Game Pass,xbox-game-pass,Game Catalog,Ultimate/PC/Console,PC | Xbox,,,,2,,,https://store-images.s-microsoft.com/image/apps.4960.14000938598007723.bdd09231-8f55-4ab1-9908-7d3679c5e743.c10c517e-e197-4b1b-91de-990fce758112,177786,Young Suns,9N3KQH8183GD,
Aerial_Knight's DropShot,Xbox Game Pass,xbox-game-pass,Game Catalog,Ultimate/PC/Console,PC | Xbox,,,52,1.6,2.1,2.3,https://store-images.s-microsoft.com/image/apps.48839.14572770853787241.31b8f648-fd0c-4c5c-9410-bd777ff4646e.5c363d56-c7a6-4010-9185-c1a6fb87738e,165101,Aerial_Knight's DropShot,9P59J86GHDGL,
Transference,PlayStation Plus,playstation-plus,Game Catalog | Ubisoft+ Classics,Extra/Premium,PS4,2018-09-18T04:00:00Z,false,62,1.5,1.7,2.1,https://image.api.playstation.com/cdn/UP0001/CUSA09609_00/hBSqO4Q0f7LqpRktxKzRcDllMRswEkZQ.png,57677,Transference,UP0001-CUSA09609_00-TRANSFERENCE0000,https://store.playstation.com/en-us/concept/229520
Bluey: The Videogame,PlayStation Plus,playstation-plus,Game Catalog,Extra/Premium,PS4 | PS5,2023-11-17T05:00:00Z,true,58,1.2,1.8,3,https://image.api.playstation.com/vulcan/ap/rnd/202308/3010/825364eca056cb581903517f67bfb10906ab6869fa9c9300.png,138018,Bluey: The Videogame,UP3824-PPSA09955_00-BUEYBASEGAME0001,https://store.playstation.com/en-us/concept/10006070
Bluey: The Videogame,Xbox Game Pass,xbox-game-pass,Game Catalog,Ultimate/PC/Console,PC | Xbox,,,58,1.2,1.8,3,https://store-images.s-microsoft.com/image/apps.46896.13951667472045163.3fb7085f-1bf8-4c11-9c65-272ecae540f9.6b9e6f68-3468-4e6b-af6e-bb138f574374,138018,Bluey: The Videogame,9N2J0FGV30DX,
My Friend Peppa Pig,PlayStation Plus,playstation-plus,Game Catalog,Extra/Premium,PS5 | PS4,2022-01-11T05:00:00Z,true,50,1.1,1.4,1.5,https://image.api.playstation.com/vulcan/ap/rnd/202108/1715/rQ1WgXNwKvjQveq8sLQJqe4C.png,100633,My Friend Peppa Pig,UP3824-PPSA03705_00-8652666117318371,https://store.playstation.com/en-us/concept/10002581
My Friend Peppa Pig,Xbox Game Pass,xbox-game-pass,Game Catalog,Ultimate/PC/Console,PC | Xbox,,,50,1.1,1.4,1.5,https://store-images.s-microsoft.com/image/apps.41714.13613420443671332.a6ea2e8e-4acd-4934-b589-2d8cfaba7189.2f819a75-49ec-4ddd-858c-0752a4ae517a,100633,My Friend Peppa Pig,9NDJLXD2X2DM,
Hotshot Racing,PlayStation Plus,playstation-plus,Game Catalog,Extra/Premium,PS4,2020-08-13T04:00:00Z,false,,1,3,7,https://image.api.playstation.com/vulcan/img/rnd/202011/1116/8oLdhsOuqG5AYSiT3bxQ4bpk.png,75537,Hotshot Racing,UP4395-CUSA11585_00-RACINGAPEX000000,https://store.playstation.com/en-us/concept/231863
The Walking Dead: Season Two,Xbox Game Pass,xbox-game-pass,Game Catalog,Ultimate/PC/Console,PC | Xbox,,,74,0.5,,,https://store-images.s-microsoft.com/image/apps.34948.65440315593285086.25acafbc-307e-448a-a7f5-999e7cc0c672.7c50a8dd-9a0b-4209-b5bf-a34ad0c24366,66845,The Walking Dead,C2DQXX0CB42F,
Farming Simulator 25,PlayStation Plus,playstation-plus,Game Catalog,Extra/Premium,PS5,2024-11-12T12:00:00Z,true,80,,,504.5,https://image.api.playstation.com/vulcan/ap/rnd/202406/1221/5e7b5321408d56da66ffbb45abae3d2f812b0a1dd03cee5d.png,152766,Farming Simulator 25,EP4399-PPSA19644_00-FARMSIMULAT25PS5,https://store.playstation.com/en-us/concept/10009612
Golf With Your Friends,PlayStation Plus,playstation-plus,Game Catalog,Extra/Premium,PS4,2020-06-02T04:00:00Z,false,,0,0,16,https://image.api.playstation.com/vulcan/ap/rnd/202209/1414/rit1KAnxB1hlwgjlGmWUH1js.png,34956,Golf With Your Friends,UP4064-CUSA17669_00-GOLFWYFRIENDS000,https://store.playstation.com/en-us/concept/235061
Legendary Fishing,PlayStation Plus,playstation-plus,Game Catalog | Ubisoft+ Classics,Extra/Premium,PS4,2018-09-18T04:00:00Z,false,65,,4,,https://image.api.playstation.com/cdn/UP0001/CUSA12845_00/BHXxKEq57K9LdohM6tdLZ9MKU575Vv2a.png,85935,Legendary Fishing,UP0001-CUSA12845_00-LEGENDARYFISHING,https://store.playstation.com/en-us/concept/232460
PHOGS!,PlayStation Plus,playstation-plus,Game Catalog,Extra/Premium,PS4,2020-12-03T10:00:00Z,false,,0,0,0,https://image.api.playstation.com/vulcan/ap/rnd/202009/2419/Wx4cGzMJgk9yklXbz4f0zg9Z.png,85738,Phogs,UP2680-CUSA20207_00-PHOGS000000000US,https://store.playstation.com/en-us/concept/10000598
Rabbids® Invasion,PlayStation Plus,playstation-plus,Game Catalog | Ubisoft+ Classics,Extra/Premium,PS4,2014-11-18T05:00:00Z,false,60,,,10,https://image.api.playstation.com/cdn/UP0001/CUSA01225_00/r2P4c8I998MpZveELu1nC7H16RbT2OnT.png,52798,Rabbids Invasion,UP0001-CUSA01225_00-RABBIDSINVASION1,https://store.playstation.com/en-us/concept/203654
Secret Neighbor,PlayStation Plus,playstation-plus,Game Catalog,Extra/Premium,PS4,2021-04-29T04:00:00Z,false,,0,0,3,https://image.api.playstation.com/vulcan/ap/rnd/202310/2314/27cd13e614b08218e52cf51718f938f8e16968bd4f041833.png,69815,Secret Neighbor,UP0097-CUSA25164_00-1498554604360333,https://store.playstation.com/en-us/concept/10001738
theHunter: Call of the Wild™,PlayStation Plus,playstation-plus,Game Catalog,Extra/Premium,PS4,2017-10-02T04:00:00Z,false,70,,58,,https://image.api.playstation.com/vulcan/ap/rnd/202506/1610/26d0ff16f42eb2c053429a5e1fc5c430803e824dfbc435ed.png,25215,The Hunter: Primal,UP3501-CUSA08661_00-THCOTWBASE000000,https://store.playstation.com/en-us/concept/228868
Bleeding Edge,Xbox Game Pass,xbox-game-pass,Game Catalog,Ultimate/PC/Console,PC | Xbox,,,,0,0,6.5,https://store-images.s-microsoft.com/image/apps.5290.14431087147384961.13dc1a18-3532-477b-b2d2-772256efc040.6fab8e78-8a3d-4b85-a5b1-33f32aeb8ea3,68093,Bleeding Edge,9NX6XGVJ0J3D,
Bounty Star,Xbox Game Pass,xbox-game-pass,Game Catalog,Ultimate/PC/Console,PC | Xbox,,,53,,12.7,,https://store-images.s-microsoft.com/image/apps.46446.14625186925899671.b0d38a16-8852-42eb-9efb-f65ecaf877e7.7c3191d7-c229-4e63-97e7-34912805b71f,114700,Bounty Star,9P66TM1HLGLX,
Farming Simulator 25,Xbox Game Pass,xbox-game-pass,Game Catalog,Ultimate/PC/Console,PC | Xbox,,,80,,,504.5,https://store-images.s-microsoft.com/image/apps.46917.14299110548313627.7e916051-145b-467d-9222-536b54bd914d.6691a974-28f7-4062-bbcd-926b917457e1,152766,Farming Simulator 25,9NMCDQ6RCJKH,
Pigeon Simulator,Xbox Game Pass,xbox-game-pass,Game Catalog,Ultimate/PC/Console,PC | Xbox,,,44,,,7.3,https://store-images.s-microsoft.com/image/apps.14972.14382953481681867.8b1ccf01-d587-4b7f-afbc-ee46cb87b3d4.1fad44e8-f1ea-4e87-bc34-f4995c5a6509,114696,Pigeon Simulator,9NRHQLZX3900,
Relic Hunters Legend,Xbox Game Pass,xbox-game-pass,Game Catalog,Ultimate/PC/Console,PC | Xbox,,,73,,28.7,,https://store-images.s-microsoft.com/image/apps.14074.14097016447581693.ee94877f-b509-44d9-abed-33614d4bfc2b.8789bca2-7579-4756-8220-19fb8cefa24f,116800,Relic Hunters Legend,9P81K2C8RBF4,
Retro Classics,Xbox Game Pass,xbox-game-pass,Game Catalog,Ultimate/PC/Console,PC | Xbox,,,100,,,18.9,https://store-images.s-microsoft.com/image/apps.32224.13805261594576123.3da89ecd-dd82-4eb6-8b3e-50d0e4f648d2.968d9ce3-1b6c-4447-9fd6-37f893af0e2e,168499,Retro Classics,9MTVJ3HHTQGS,
theHunter: Call of the Wild™,Xbox Game Pass,xbox-game-pass,Game Catalog,Ultimate/PC/Console,PC | Xbox,,,70,,58,,https://store-images.s-microsoft.com/image/apps.9956.63553167684393025.1b31f51e-c4c6-49b1-bf61-a2e65ea14c73.a126b6d1-284c-4746-a11d-f6af188d1918,25215,The Hunter: Primal,BXBJQ1932138,
Towerborne,Xbox Game Pass,xbox-game-pass,Game Catalog,Ultimate/PC/Console,PC | Xbox,,,67,,13.8,,https://store-images.s-microsoft.com/image/apps.44072.14100945740468620.e64e8a74-2c2b-437c-ae40-c08f6d244c4f.b81464bd-8067-4d27-817e-2f2759c15923,129962,Towerborne,9P7TLX79S7N7,
